{"stats":{"minecraft:broken":{"minecraft:iron_chestplate":1,"minecraft:iron_pickaxe":1},"minecraft:mined":{"croptopia:cantaloupe_crop":1,"croptopia:pepper_crop":1,"minecraft:spruce_planks":54,"minecraft:stone_pressure_plate":3,"minecraft:farmland":1,"iceandfire:myrmex_resin_desert":2,"iceandfire:podium_dark_oak":1,"croptopia:grape_crop":3,"minecraft:brewing_stand":1,"minecraft:obsidian":1,"alexscaves:limestone":6,"minecraft:spruce_trapdoor":6,"minecraft:grass_block":43,"iceandfire:lectern":2,"minecraft:polished_blackstone_brick_slab":1,"tacz:gun_smith_table":2,"minecraft:nether_wart":4,"minecraft:gilded_blackstone":1,"croptopia:cherry_crop":1,"minecraft:iron_ore":4,"minecraft:cobbled_deepslate":3,"minecraft:fire":15,"minecraft:fletching_table":2,"iceandfire:gold_pile":31,"iceandfire:chared_cobblestone":22,"minecraft:tripwire":10,"minecraft:deepslate_redstone_ore":5,"croptopia:starfruit_crop":5,"minecraft:cut_sandstone":20,"minecraft:brown_mushroom":2,"minecraft:red_bed":1,"minecraft:orange_terracotta":2,"iceandfire:dragon_ice_spikes":8,"minecraft:blast_furnace":4,"minecraft:chest":2,"minecraft:nether_quartz_ore":27,"minecraft:glass":1,"minecraft:cobblestone":3,"minecraft:damaged_anvil":1,"minecraft:oak_planks":1,"minecraft:sugar_cane":4,"minecraft:tnt":9,"minecraft:grass":5,"minecraft:oak_log":20,"minecraft:sand":73,"minecraft:dirt":28,"minecraft:tripwire_hook":4,"minecraft:ancient_debris":1,"minecraft:netherrack":36,"minecraft:deepslate":26,"minecraft:oak_leaves":11,"iceandfire:chared_stone":31,"minecraft:diamond_ore":1,"minecraft:tuff":4,"croptopia:orange_crop":1,"minecraft:deepslate_diamond_ore":2,"minecraft:nether_bricks":2,"minecraft:lever":1,"croptopia:persimmon_crop":1,"iceandfire:frozen_grass":1,"minecraft:redstone_wire":10,"iceandfire:deepslate_silver_ore":2,"iceandfire:frozen_splinters":1,"iceandfire:chared_dirt":3,"minecraft:spruce_leaves":7,"minecraft:sandstone":65,"minecraft:large_fern":1,"minecraft:redstone_ore":1,"minecraft:furnace":2,"minecraft:chiseled_sandstone":4,"croptopia:blueberry_crop":1,"iceandfire:chared_gravel":2,"minecraft:gold_block":3,"minecraft:bookshelf":28,"minecraft:potatoes":152,"minecraft:deepslate_iron_ore":4,"easy_villagers:trader":1,"minecraft:stone":43,"minecraft:white_wool":6,"minecraft:glass_pane":1,"minecraft:basalt":7,"minecraft:crafting_table":3,"minecraft:emerald_ore":16,"minecraft:lectern":1,"minecraft:copper_ore":1,"minecraft:tall_grass":2,"minecraft:deepslate_gold_ore":14,"minecraft:blue_bed":5,"minecraft:spruce_stairs":2,"minecraft:purple_bed":4,"minecraft:sweet_berry_bush":28,"minecraft:spruce_log":112,"iceandfire:ash":1,"croptopia:celery_crop":1,"minecraft:coal_ore":26,"iceandfire:silver_pile":3,"minecraft:cobweb":4,"minecraft:stone_bricks":2,"minecraft:fern":4},"minecraft:killed_by":{"grimoireofgaia:cecaelia":1,"alexsmobs:crocodile":2,"iceandfire:ice_dragon":1,"grimoireofgaia:harpy":3,"iceandfire:fire_dragon":2,"minecraft:player":9,"iceandfire:deathworm":1,"grimoireofgaia:flesh_lich":1,"minecraft:skeleton":5},"minecraft:killed":{"minecraft:zombified_piglin":1,"minecraft:spider":6,"minecraft:skeleton":7,"grimoireofgaia:mimic":2,"artifacts:mimic":2,"minecraft:piglin":3,"minecraft:creeper":2,"alexsmobs:crimson_mosquito":1,"minecraft:sheep":3,"minecraft:zombie":5,"grimoireofgaia:deathword":1,"minecraft:blaze":15,"minecraft:cow":1,"alexsmobs:tarantula_hawk":1,"grimoireofgaia:succubus":5,"alexsmobs:seagull":1,"alexsmobs:rattlesnake":2,"grimoireofgaia:ender_eye":1,"minecraft:horse":1,"iceandfire:fire_dragon":2,"minecraft:husk":1,"grimoireofgaia:oni":3,"grimoireofgaia:nine_tails":1,"iceandfire:ghost":2,"grimoireofgaia:arachne":1,"grimoireofgaia:wither_cow":4,"minecraft:wither_skeleton":2},"minecraft:crafted":{"justhammers:netherite_hammer":1,"minecraft:oak_planks":80,"minecraft:grass":1,"minecraft:stone":7,"easy_villagers:incubator":1,"minecraft:lever":1,"minecraft:bookshelf":4,"justhammers:reinforced_core":1,"minecraft:cooked_mutton":4,"minecraft:glass":61,"justhammers:diamond_hammer":2,"minecraft:chest":17,"easy_villagers:trader":4,"minecraft:stone_hoe":1,"minecraft:smoker":1,"minecraft:glass_bottle":18,"minecraft:emerald":4,"justhammers:reinforced_impact_core":1,"minecraft:crafting_table":6,"minecraft:spruce_planks":420,"minecraft:wooden_pickaxe":1,"minecraft:baked_potato":123,"iceandfire:armor_red_chestplate":1,"minecraft:copper_ingot":260,"iceandfire:armor_white_boots":1,"minecraft:gold_block":8,"iceandfire:earplugs":1,"sophisticatedbackpacks:upgrade_base":1,"minecraft:spruce_trapdoor":2,"minecraft:lectern":4,"minecraft:iron_chestplate":1,"minecraft:diamond_pickaxe":1,"iceandfire:armor_white_helmet":1,"sophisticatedbackpacks:diamond_backpack":1,"minecraft:stick":164,"minecraft:iron_ingot":75,"minecraft:iron_pickaxe":1,"minecraft:iron_block":13,"minecraft:stone_sword":1,"minecraft:gold_ingot":56,"minecraft:netherite_ingot":3,"minecraft:shears":1,"minecraft:stone_shovel":1,"minecraft:tripwire_hook":2,"iceandfire:dragonbone_sword_fire":1,"sophisticatedbackpacks:stack_upgrade_tier_1":1,"minecraft:furnace":7,"easy_villagers:iron_farm":7,"minecraft:bone_meal":240,"minecraft:diamond_block":5,"minecraft:glass_pane":80,"minecraft:flint_and_steel":1,"justhammers:destructor_core":1,"minecraft:iron_axe":1,"minecraft:spruce_slab":30,"iceandfire:armor_red_leggings":1,"minecraft:stone_pickaxe":1,"sophisticatedbackpacks:stack_upgrade_tier_2":1,"minecraft:redstone_block":18,"iceandfire:armor_red_boots":1,"minecraft:netherite_scrap":4,"minecraft:cooked_beef":2,"iceandfire:dragonbone_sword":1,"ironchest:gold_chest":1,"justhammers:diamond_destructor_hammer":1,"tacz:gun_smith_table":1,"minecraft:bucket":2,"minecraft:stone_axe":1,"minecraft:enchanted_book":1,"minecraft:air":0,"iceandfire:armor_red_helmet":1,"minecraft:oak_boat":1,"iceandfire:armor_white_leggings":1,"justhammers:iron_hammer":1,"easy_villagers:breeder":1,"minecraft:anvil":1,"justhammers:impact_core":1,"ironchest:iron_chest":1},"minecraft:custom":{"minecraft:interact_with_crafting_table":101,"minecraft:open_barrel":9,"minecraft:leave_game":14,"minecraft:time_since_death":122735,"minecraft:sprint_one_cm":771586,"minecraft:drop":103,"minecraft:talked_to_villager":15,"minecraft:play_time":402521,"minecraft:deaths":28,"minecraft:jump":6572,"minecraft:walk_on_water_one_cm":19879,"minecraft:interact_with_furnace":162,"minecraft:traded_with_villager":5,"minecraft:interact_with_loom":2,"minecraft:sleep_in_bed":21,"tombstone:sneak_grave":1,"minecraft:damage_dealt":16988,"minecraft:player_kills":1,"minecraft:crouch_one_cm":47798,"tombstone:undead_killed":22,"minecraft:interact_with_smoker":7,"minecraft:interact_with_anvil":4,"minecraft:mob_kills":89,"minecraft:damage_dealt_resisted":1738,"minecraft:climb_one_cm":80,"minecraft:walk_one_cm":696393,"minecraft:sneak_time":12966,"minecraft:walk_under_water_one_cm":9149,"minecraft:boat_one_cm":363805,"minecraft:interact_with_blast_furnace":18,"minecraft:total_world_time":402521,"minecraft:time_since_rest":42599,"minecraft:damage_absorbed":40,"minecraft:damage_taken":12866,"minecraft:trigger_trapped_chest":4,"minecraft:swim_one_cm":29094,"minecraft:fly_one_cm":1252553,"minecraft:open_chest":856,"minecraft:fall_one_cm":129704},"minecraft:dropped":{"iceandfire:raw_silver":3,"minecraft:crossbow":1,"minecraft:cookie":3,"minecraft:polished_blackstone_brick_wall":4,"minecraft:item_frame":2,"minecraft:emerald":3,"artifacts:night_vision_goggles":1,"minecraft:cracked_polished_blackstone_bricks":2,"minecraft:dirt":2,"artifacts:superstitious_hat":1,"minecraft:polished_blackstone_brick_stairs":4,"minecraft:gold_nugget":7,"minecraft:amethyst_shard":15,"minecraft:polished_blackstone_bricks":5,"minecraft:bone":2,"minecraft:blackstone":12,"minecraft:iron_nugget":4,"minecraft:cobbled_deepslate":434,"minecraft:nether_brick":115,"minecraft:pointed_dripstone":2,"minecraft:arrow":1,"minecraft:glass":2,"minecraft:quartz":2,"minecraft:netherrack":696,"minecraft:wheat_seeds":1,"minecraft:polished_blackstone":1,"minecraft:dripstone_block":6,"minecraft:poisonous_potato":1,"croptopia:orange":1,"minecraft:cobblestone":114,"minecraft:book":2,"minecraft:spruce_stairs":3,"minecraft:coal":1,"minecraft:stick":1,"minecraft:oxeye_daisy":1,"minecraft:diorite":2,"minecraft:lodestone":2,"tombstone:grave_dust":1,"alexscaves:limestone":4,"minecraft:polished_blackstone_brick_slab":8,"minecraft:string":3,"minecraft:chiseled_sandstone":2,"minecraft:redstone":1,"iceandfire:earplugs":1,"minecraft:sweet_berries":38,"minecraft:tuff":16,"iceandfire:witherbone":4,"artifacts:flame_pendant":2,"minecraft:potato":2,"iceandfire:copper_sword":1,"minecraft:spruce_trapdoor":2,"minecraft:andesite":16,"minecraft:oak_boat":2,"minecraft:golden_sword":1,"easy_villagers:villager":3,"artifacts:snowshoes":1},"minecraft:picked_up":{"croptopia:grape_seed":13,"minecraft:gilded_blackstone":2,"minecraft:nether_brick":274,"minecraft:brewing_stand":1,"iceandfire:manuscript":12,"minecraft:polished_blackstone_brick_stairs":4,"minecraft:string":23,"croptopia:cantaloupe":1,"minecraft:raw_copper":459,"alexsmobs:blood_sac":1,"minecraft:gold_nugget":505,"minecraft:cobbled_deepslate":1362,"minecraft:bucket":1,"minecraft:spruce_planks":56,"croptopia:blueberry":1,"iceandfire:dragonscales_red":30,"minecraft:furnace":3,"minecraft:polished_blackstone_brick_slab":8,"minecraft:stick":6,"iceandfire:dragonscales_white":18,"minecraft:spruce_stairs":7,"easy_villagers:iron_farm":4,"tacz:attachment":1,"minecraft:pointed_dripstone":2,"tombstone:grave_dust":6,"minecraft:diorite":2,"easy_villagers:villager":4,"minecraft:stone_sword":1,"minecraft:rotten_flesh":15,"croptopia:persimmon":1,"grimoireofgaia:box_nether":1,"iceandfire:fire_dragon_heart":1,"minecraft:blaze_rod":10,"minecraft:obsidian":13,"minecraft:cobblestone":293,"minecraft:magma_block":28,"minecraft:dune_armor_trim_smithing_template":2,"minecraft:andesite":17,"minecraft:potato":488,"minecraft:flint":17,"minecraft:tuff":159,"minecraft:magenta_bed":2,"artifacts:flame_pendant":2,"minecraft:lapis_lazuli":182,"croptopia:blueberry_seed":2,"minecraft:dirt":109,"tombstone:familiar_receptacle":1,"minecraft:bone":100,"croptopia:corn":5,"minecraft:wheat_seeds":3,"easy_villagers:trader":1,"minecraft:raw_gold":24,"minecraft:fletching_table":3,"minecraft:glowstone_dust":6,"tacz:gun_smith_table":2,"minecraft:stone_hoe":1,"minecraft:oak_planks":1,"minecraft:poisonous_potato":1,"croptopia:celery_seed":4,"iceandfire:dragon_skull_fire":4,"minecraft:sand":75,"iceandfire:podium_dark_oak":2,"grimoireofgaia:fireshard":8,"minecraft:chiseled_sandstone":4,"alexsmobs:animal_dictionary":1,"iceandfire:chared_cobblestone":20,"artifacts:plastic_drinking_hat":1,"croptopia:cherry":1,"minecraft:diamond":82,"iceandfire:fire_dragon_blood":9,"iceandfire:lectern":4,"minecraft:lever":4,"grimoireofgaia:withered_brain":3,"minecraft:cracked_polished_blackstone_bricks":2,"alexsmobs:tarantula_hawk_wing_fragment":2,"minecraft:emerald":24,"minecraft:golden_horse_armor":1,"minecraft:bread":16,"minecraft:netherrack":1652,"iceandfire:silver_nugget":32,"iceandfire:raw_silver":3,"sophisticatedbackpacks:gold_backpack":1,"minecraft:crafting_table":3,"grimoireofgaia:soulfire":4,"artifacts:night_vision_goggles":2,"iceandfire:witherbone":5,"minecraft:brown_mushroom":2,"minecraft:gold_block":6,"iceandfire:frozen_grass":1,"minecraft:red_bed":3,"iceandfire:frozen_splinters":1,"minecraft:netherite_scrap":8,"tacz:ammo":240,"minecraft:item_frame":6,"minecraft:blackstone":98,"minecraft:glass_pane":23,"croptopia:ham_sandwich":1,"iceandfire:bestiary":1,"croptopia:cheese":2,"tombstone:scroll_of_unstable_intangibility":1,"minecraft:beef":2,"minecraft:oak_boat":3,"croptopia:pepper_seed":4,"minecraft:iron_nugget":18,"minecraft:poppy":8,"minecraft:light_gray_wool":2,"minecraft:spruce_slab":10,"minecraft:lectern":2,"minecraft:chest":2,"minecraft:sugar_cane":15,"minecraft:spruce_trapdoor":6,"iceandfire:ice_dragon_heart":2,"minecraft:raw_iron":83,"minecraft:sandstone":91,"iceandfire:dragonbone":79,"croptopia:corn_seed":9,"minecraft:stone":10,"artifacts:charm_of_sinking":2,"minecraft:copper_ingot":62,"grimoireofgaia:metal_club":2,"iceandfire:myrmex_resin_desert":1,"minecraft:polished_blackstone_bricks":5,"minecraft:cookie":4,"minecraft:redstone":198,"minecraft:stone_pressure_plate":2,"iceandfire:dragon_skull_ice":2,"artifacts:snorkel":4,"croptopia:grape":4,"minecraft:tnt":9,"croptopia:cantaloupe_seed":2,"minecraft:arrow":27,"minecraft:stone_shovel":2,"minecraft:cooked_cod":2,"minecraft:nether_bricks":2,"minecraft:shears":1,"iceandfire:chared_dirt":3,"artifacts:snowshoes":2,"artifacts:cross_necklace":1,"iceandfire:earplugs":2,"minecraft:saddle":2,"minecraft:gold_ingot":47,"croptopia:pepper":2,"minecraft:polished_blackstone":1,"minecraft:mutton":6,"minecraft:white_wool":10,"minecraft:oxeye_daisy":1,"minecraft:basalt":38,"minecraft:tripwire_hook":8,"minecraft:cut_sandstone":38,"minecraft:leather":4,"alexscaves:limestone":16,"minecraft:oak_log":20,"artifacts:superstitious_hat":2,"minecraft:ancient_debris":7,"minecraft:golden_boots":1,"minecraft:gunpowder":2,"minecraft:blue_bed":13,"minecraft:paper":6,"minecraft:orange_terracotta":1,"minecraft:stone_bricks":2,"minecraft:heart_of_the_sea":1,"minecraft:iron_ingot":123,"minecraft:stone_pickaxe":2,"minecraft:glass_bottle":9,"minecraft:dark_oak_stairs":2,"minecraft:book":88,"iceandfire:chared_stone":28,"minecraft:sweet_berries":138,"croptopia:starfruit":5,"iceandfire:ash":1,"minecraft:quartz":108,"minecraft:dripstone_block":6,"minecraft:blast_furnace":3,"minecraft:spruce_log":112,"minecraft:spider_eye":2,"minecraft:leather_helmet":1,"minecraft:purple_bed":8,"minecraft:stone_axe":2,"tombstone:scroll_of_knowledge":1,"tacz:modern_kinetic_gun":1,"croptopia:orange":1,"iceandfire:ice_dragon_flesh":6,"minecraft:polished_blackstone_brick_wall":4,"minecraft:lodestone":1,"minecraft:baked_potato":5,"tombstone:magic_scroll":1,"minecraft:damaged_anvil":1,"iceandfire:chared_gravel":2,"minecraft:coal":69,"minecraft:ender_pearl":4},"minecraft:used":{"iceandfire:lectern":1,"easy_villagers:breeder":1,"iceandfire:dragon_skull_ice":1,"grimoireofgaia:fireshard":6,"minecraft:chest":16,"minecraft:rotten_flesh":2,"minecraft:tuff":77,"minecraft:obsidian":10,"minecraft:glass":1,"minecraft:lava_bucket":13,"easy_villagers:iron_farm":11,"minecraft:sweet_berries":68,"minecraft:cooked_cod":2,"minecraft:furnace":7,"minecraft:potato":223,"minecraft:stone_pickaxe":33,"minecraft:wooden_pickaxe":9,"minecraft:sandstone":19,"minecraft:golden_apple":1,"minecraft:sand":13,"minecraft:blast_furnace":2,"minecraft:shears":5,"minecraft:lever":3,"easy_villagers:villager":7,"minecraft:bread":26,"minecraft:string":13,"minecraft:diamond_sword":29,"minecraft:oak_boat":2,"croptopia:cantaloupe":1,"minecraft:bone_meal":240,"iceandfire:silver_sword":316,"minecraft:stone_sword":93,"minecraft:flint_and_steel":1,"minecraft:stone_shovel":137,"croptopia:starfruit":5,"tacz:gun_smith_table":3,"minecraft:spruce_planks":56,"croptopia:ham_sandwich":1,"minecraft:stone_hoe":58,"minecraft:netherrack":193,"minecraft:dirt":87,"minecraft:anvil":1,"minecraft:ancient_debris":3,"croptopia:blueberry":1,"minecraft:nether_quartz_ore":8,"minecraft:iron_axe":212,"easy_villagers:trader":5,"croptopia:persimmon":1,"minecraft:tripwire_hook":6,"minecraft:basalt":18,"ironchest:gold_chest":1,"tombstone:gift":8,"easy_villagers:incubator":1,"minecraft:cooked_beef":2,"minecraft:cobbled_deepslate":64,"croptopia:grape":2,"minecraft:cooked_mutton":4,"minecraft:water_bucket":28,"minecraft:baked_potato":73,"minecraft:cut_sandstone":14,"croptopia:corn_seed":5,"iceandfire:chared_dirt":3,"justhammers:diamond_hammer":784,"minecraft:crafting_table":9,"croptopia:cherry":1,"justhammers:iron_hammer":76,"minecraft:spruce_log":6,"minecraft:smoker":1,"minecraft:diamond_pickaxe":244,"iceandfire:dragonbone_sword_fire":44,"minecraft:iron_pickaxe":281,"tombstone:magic_scroll":4,"minecraft:spruce_trapdoor":6,"minecraft:stone_axe":56,"iceandfire:chared_gravel":1,"minecraft:cobblestone":11,"minecraft:purple_bed":4,"minecraft:bucket":50,"minecraft:pumpkin_pie":1}},"DataVersion":3465}