{"stats":{"minecraft:custom":{"minecraft:interact_with_crafting_table":204,"minecraft:open_barrel":18,"minecraft:leave_game":74,"minecraft:time_since_death":84657,"minecraft:damage_blocked_by_shield":1980,"minecraft:play_time":1204912,"minecraft:deaths":18,"minecraft:jump":16371,"minecraft:interact_with_furnace":132,"minecraft:traded_with_villager":1580,"minecraft:interact_with_cartography_table":5,"minecraft:sleep_in_bed":47,"minecraft:damage_dealt":40516,"tombstone:undead_killed":107,"minecraft:interact_with_smithing_table":2,"minecraft:inspect_dropper":1,"minecraft:interact_with_anvil":15,"minecraft:inspect_hopper":16,"minecraft:sneak_time":55043,"minecraft:interact_with_blast_furnace":2,"minecraft:total_world_time":1204912,"tombstone:raider_killed":2,"minecraft:time_since_rest":3259,"tombstone:cast_on_ally":0,"minecraft:swim_one_cm":499600,"minecraft:fly_one_cm":3852049,"minecraft:open_chest":1242,"minecraft:fish_caught":2,"minecraft:fall_one_cm":1174771,"minecraft:animals_bred":29,"minecraft:sprint_one_cm":3702437,"minecraft:drop":911,"minecraft:talked_to_villager":5,"minecraft:interact_with_brewingstand":12,"minecraft:walk_on_water_one_cm":345304,"minecraft:interact_with_loom":6,"minecraft:player_kills":6,"minecraft:crouch_one_cm":168081,"minecraft:mob_kills":402,"minecraft:damage_dealt_resisted":3279,"minecraft:climb_one_cm":5554,"minecraft:walk_one_cm":1422042,"minecraft:walk_under_water_one_cm":127719,"minecraft:damage_taken":15854,"minecraft:trigger_trapped_chest":2},"minecraft:crafted":{"justhammers:netherite_hammer":1,"minecraft:blaze_powder":2,"sophisticatedbackpacks:anvil_upgrade":1,"easy_villagers:incubator":1,"minecraft:lever":1,"minecraft:diamond_shovel":1,"minecraft:bookshelf":76,"justhammers:reinforced_core":1,"minecraft:glass":745,"easy_villagers:trader":10,"minecraft:name_tag":2,"minecraft:glass_bottle":6,"minecraft:emerald":1068,"minecraft:soul_campfire":9,"minecraft:diamond_axe":1,"minecraft:spruce_door":15,"minecraft:smithing_table":3,"minecraft:clock":16,"minecraft:copper_ingot":618,"minecraft:fletching_table":1,"minecraft:stone_brick_stairs":40,"minecraft:lectern":4,"minecraft:iron_pickaxe":1,"minecraft:iron_block":7,"minecraft:gold_ingot":177,"minecraft:netherite_ingot":7,"minecraft:composter":1,"minecraft:stone_shovel":10,"iceandfire:dragonbone_sword_fire":1,"iceandfire:dragon_flute":1,"easy_villagers:iron_farm":5,"minecraft:bone_meal":15,"iceandfire:dragonscale_gray":17,"minecraft:white_carpet":15,"minecraft:lantern":132,"minecraft:spruce_stairs":4,"minecraft:spruce_slab":24,"minecraft:stone_pickaxe":11,"minecraft:redstone_block":19,"minecraft:wheat":180,"iceandfire:dragonbone_sword":1,"ironchest:wood_to_iron_chest_upgrade":3,"justhammers:diamond_destructor_hammer":1,"minecraft:deepslate_brick_slab":2304,"alexsmobs:cooked_moose_ribs":10,"tacz:gun_smith_table":1,"iceandfire:dragonforge_fire_input":1,"sophisticatedbackpacks:gold_backpack":1,"minecraft:enchanted_book":39,"ironchest:iron_to_gold_chest_upgrade":3,"minecraft:golden_apple":2,"minecraft:fermented_spider_eye":1,"minecraft:birch_trapdoor":2,"minecraft:wooden_axe":1,"iceandfire:armor_bronze_leggings":1,"iceandfire:dragonforge_fire_brick":20,"minecraft:oak_planks":456,"minecraft:stone":5,"minecraft:suspicious_stew":12,"minecraft:hopper":21,"minecraft:stone_brick_slab":126,"minecraft:bow":12,"justhammers:diamond_hammer":1,"minecraft:chest":38,"minecraft:copper_block":64,"minecraft:stone_hoe":10,"minecraft:stone_bricks":256,"minecraft:dropper":1,"sophisticatedbackpacks:backpack":1,"minecraft:crafting_table":5,"justhammers:reinforced_impact_core":1,"minecraft:spruce_planks":1484,"tacz:ammo_box":3,"minecraft:wooden_pickaxe":1,"minecraft:gold_block":3,"minecraft:brewing_stand":1,"minecraft:birch_planks":272,"sophisticatedbackpacks:upgrade_base":1,"minecraft:dispenser":12,"minecraft:apple":68,"minecraft:spruce_trapdoor":146,"minecraft:shield":1,"iceandfire:dragonscale_bronze":5,"sophisticatedbackpacks:diamond_backpack":1,"minecraft:stick":2264,"minecraft:iron_ingot":252,"minecraft:stone_sword":1,"iceandfire:dragonscale_sapphire":6,"iceandfire:dragonforge_fire_core_disabled":1,"minecraft:deepslate_bricks":1216,"iceandfire:armor_bronze_helmet":1,"minecraft:shears":1,"artifacts:eternal_steak":1,"mobcapturingtool:mob_capturing_tool":4,"minecraft:cookie":216,"minecraft:redstone":9,"minecraft:fishing_rod":1,"minecraft:tripwire_hook":2,"iceandfire:dragon_stick":1,"iceandfire:dragonscale_green":8,"minecraft:furnace":2,"minecraft:diamond_block":6,"minecraft:glass_pane":96,"minecraft:flint_and_steel":1,"justhammers:destructor_core":1,"minecraft:polished_deepslate":1216,"minecraft:iron_axe":2,"iceandfire:armor_bronze_chestplate":1,"iceandfire:dragon_bone_block":7,"minecraft:netherite_scrap":12,"minecraft:observer":1,"sophisticatedbackpacks:iron_backpack":1,"minecraft:cooked_beef":20,"minecraft:sugar":2,"minecraft:spruce_sign":27,"iceandfire:dragon_meal":47,"iceandfire:armor_bronze_boots":1,"minecraft:nether_bricks":16,"minecraft:bucket":11,"minecraft:stone_axe":1,"minecraft:air":0,"minecraft:bread":72,"justhammers:iron_hammer":1,"easy_villagers:breeder":1,"minecraft:anvil":2,"justhammers:impact_core":1,"minecraft:torch":216,"easy_villagers:converter":1},"minecraft:picked_up":{"minecraft:creeper_head":2,"minecraft:flower_pot":1,"minecraft:anvil":2,"minecraft:suspicious_stew":3,"artifacts:bunny_hoppers":1,"minecraft:diamond_sword":1,"minecraft:wither_rose":2,"minecraft:enchanted_book":4,"croptopia:cabbage_seed":6,"minecraft:polished_blackstone_brick_stairs":23,"minecraft:string":103,"minecraft:pufferfish":2,"minecraft:beetroot":3,"minecraft:gold_nugget":1101,"minecraft:cobbled_deepslate":2970,"minecraft:spruce_planks":261,"minecraft:netherite_upgrade_smithing_template":1,"croptopia:blueberry":1,"minecraft:coal_block":24,"minecraft:polished_blackstone_brick_slab":1,"minecraft:beehive":1,"minecraft:weathered_cut_copper_slab":5,"easy_villagers:iron_farm":7,"iceandfire:lightning_dragon_flesh":39,"minecraft:golden_axe":2,"minecraft:warped_button":12,"minecraft:cauldron":1,"minecraft:brown_carpet":12,"easy_villagers:villager":2,"iceandfire:lightning_lily":1,"minecraft:stone_sword":2,"artifacts:villager_hat":1,"iceandfire:fire_dragon_heart":5,"minecraft:iron_block":2,"croptopia:elderberry":1,"minecraft:blaze_rod":24,"minecraft:iron_bars":6,"minecraft:snowball":8,"minecraft:birch_log":68,"croptopia:lettuce_seed":4,"iceandfire:dragonscales_black":62,"minecraft:oxidized_copper":3,"minecraft:feather":9,"minecraft:cooked_beef":29,"minecraft:water_bucket":1,"alexsmobs:bison_fur":4,"minecraft:flint":28,"croptopia:celery":1,"minecraft:lantern":32,"minecraft:dark_oak_sign":7,"minecraft:glowstone_dust":24,"croptopia:roe":17,"croptopia:lime":1,"alexscaves:rusty_scrap_metal_plate":26,"grimoireofgaia:box_overworld":1,"iceandfire:dragonscales_sapphire":59,"iceandfire:dragon_skull_fire":14,"iceandfire:lightning_dragon_heart":3,"grimoireofgaia:fireshard":6,"alexsmobs:animal_dictionary":1,"iceandfire:chared_cobblestone":128,"minecraft:bundle":1,"minecraft:deepslate":3497,"iceandfire:crackled_stone":96,"minecraft:lever":7,"croptopia:radish_seed":2,"minecraft:granite":416,"minecraft:bread":9,"alexsmobs:maggot":2,"iceandfire:raw_silver":5,"iceandfire:dragon_skull_lightning":8,"minecraft:mud":1,"minecraft:crafting_table":1,"iceandfire:witherbone":14,"minecraft:nether_wart":29,"minecraft:cornflower":24,"iceandfire:dragonegg_silver":5,"minecraft:netherite_scrap":16,"tacz:ammo":2088,"minecraft:white_carpet":10,"minecraft:cracked_stone_bricks":17,"minecraft:beef":42,"croptopia:pepper_seed":1,"minecraft:poppy":129,"minecraft:iron_nugget":45,"minecraft:spruce_slab":1,"minecraft:chest":2,"grimoireofgaia:diamond_shard":1,"minecraft:stone":2966,"minecraft:glow_item_frame":12,"grimoireofgaia:box_gold":1,"sophisticatedbackpacks:backpack":2,"iceandfire:dragonsteel_lightning_chestplate":1,"minecraft:carrot":767,"minecraft:redstone":314,"iceandfire:dragon_skull_ice":6,"artifacts:everlasting_beef":1,"minecraft:stone_shovel":9,"minecraft:beetroot_seeds":9,"minecraft:shears":1,"iceandfire:dragonscales_silver":41,"minecraft:hay_block":20,"minecraft:waxed_oxidized_cut_copper_stairs":1,"grimoireofgaia:cursed_metal_sword":2,"tombstone:essence_of_undeath":1,"minecraft:gold_ingot":30,"croptopia:pepper":1,"minecraft:polished_blackstone":8,"minecraft:glow_berries":2,"minecraft:white_wool":15,"minecraft:rail":2,"minecraft:clock":3,"minecraft:tripwire_hook":10,"minecraft:red_mushroom":1,"alexscaves:depth_glass":4,"minecraft:oak_log":125,"minecraft:ancient_debris":13,"minecraft:paper":3,"minecraft:stone_bricks":7,"iceandfire:pixie_jar_empty":1,"minecraft:kelp":4,"alexsmobs:cockroach_wing_fragment":2,"iceandfire:dragonsteel_lightning_hoe":2,"grimoireofgaia:golden_apple_pie_slice":1,"minecraft:stone_pickaxe":10,"minecraft:waxed_weathered_cut_copper_stairs":3,"tombstone:bag_of_seeds":1,"croptopia:tomato":2,"croptopia:elderberry_seed":1,"minecraft:iron_sword":1,"alexscaves:abyssmarine_pillar":1,"iceandfire:chared_stone":89,"iceandfire:copper_nugget":114,"minecraft:cracked_nether_bricks":8,"minecraft:gravel":19,"minecraft:spruce_sapling":45,"croptopia:tea_seed":3,"minecraft:spruce_log":481,"grimoireofgaia:box_iron":1,"justhammers:diamond_hammer":1,"iceandfire:dragonscales_copper":84,"iceandfire:dragon_flute":1,"minecraft:slime_ball":10,"tacz:modern_kinetic_gun":6,"croptopia:orange":1,"minecraft:diamond_axe":1,"alexscaves:rusty_scaffolding":2,"iceandfire:ice_dragon_flesh":13,"minecraft:baked_potato":1,"grimoireofgaia:bag_record":1,"minecraft:hopper":1,"minecraft:ender_pearl":1,"minecraft:wheat":52,"alexscaves:cave_tablet":1,"minecraft:nether_brick":954,"croptopia:cantaloupe":3,"croptopia:lettuce":1,"minecraft:raw_copper":328,"minecraft:experience_bottle":1,"minecraft:smooth_stone":4,"iceandfire:frost_lily":2,"minecraft:rose_bush":6,"iceandfire:frozen_gravel":8,"iceandfire:dragonscales_red":7,"minecraft:iron_boots":3,"minecraft:stick":25,"iceandfire:ghost_chest":1,"minecraft:birch_trapdoor":11,"minecraft:oak_fence":16,"minecraft:torch":79,"croptopia:blackberry_seed":5,"minecraft:spruce_stairs":8,"minecraft:porkchop":130,"tacz:attachment":7,"iceandfire:lightning_dragon_blood":1,"minecraft:pointed_dripstone":26,"tombstone:grave_dust":11,"minecraft:diorite":477,"grimoireofgaia:deco_nest_harpy":5,"minecraft:rotten_flesh":60,"alexsmobs:emu_egg":2,"minecraft:obsidian":25,"minecraft:cod":8,"minecraft:cobblestone":1742,"croptopia:cabbage":1,"minecraft:pink_petals":3,"minecraft:lilac":10,"croptopia:radish":1,"minecraft:andesite":767,"minecraft:potato":57,"minecraft:tuff":503,"minecraft:wither_skeleton_skull":1,"justhammers:diamond_destructor_hammer":1,"croptopia:blueberry_seed":5,"minecraft:lapis_lazuli":134,"minecraft:dirt":74,"iceandfire:dragonscales_bronze":86,"minecraft:weathered_cut_copper":1,"minecraft:leather_boots":3,"minecraft:glass":198,"minecraft:bone":73,"minecraft:wheat_seeds":163,"minecraft:deepslate_brick_slab":192,"easy_villagers:trader":13,"minecraft:raw_gold":15,"alexscaves:diving_leggings":1,"minecraft:bamboo":1,"minecraft:oak_planks":1,"minecraft:stone_hoe":10,"minecraft:cooked_porkchop":22,"iceandfire:podium_spruce":1,"croptopia:blackberry":1,"grimoireofgaia:emerald_shard":2,"minecraft:sand":66,"minecraft:mossy_cobblestone":7,"grimoireofgaia:shiny_pearl":3,"artifacts:plastic_drinking_hat":1,"minecraft:spruce_fence_gate":2,"tombstone:familiar_stone":1,"minecraft:diamond":279,"grimoireofgaia:withered_brain":1,"iceandfire:dragon_ice":30,"croptopia:pineapple_seed":4,"minecraft:cracked_polished_blackstone_bricks":28,"minecraft:grass":1,"minecraft:golden_apple":1,"iceandfire:seaserpent_skull":1,"alexsmobs:moose_ribs":10,"minecraft:emerald":4,"minecraft:netherrack":1580,"iceandfire:silver_nugget":30,"minecraft:charcoal":26,"artifacts:night_vision_goggles":1,"grimoireofgaia:soulfire":14,"croptopia:peach":2,"iceandfire:fire_lily":2,"minecraft:brown_mushroom":5,"minecraft:stone_brick_wall":30,"minecraft:gold_block":50,"iceandfire:frozen_cobblestone":95,"minecraft:chain":3,"minecraft:oak_trapdoor":19,"iceandfire:frozen_stone":1,"minecraft:item_frame":9,"minecraft:blackstone":274,"minecraft:blue_orchid":1,"grimoireofgaia:premium_monster_feed":1,"croptopia:tomato_seed":2,"grimoireofgaia:doll_ender_girl":1,"minecraft:lectern":2,"minecraft:sugar_cane":9,"minecraft:spruce_trapdoor":34,"iceandfire:ice_dragon_heart":1,"minecraft:raw_iron":309,"iceandfire:dragonbone":165,"iceandfire:dragonscales_gray":122,"iceandfire:dragonscales_green":72,"grimoireofgaia:meat":2,"minecraft:copper_ingot":1010,"minecraft:stone_button":8,"iceandfire:silver_ingot":33,"minecraft:arrow":32,"croptopia:cantaloupe_seed":2,"minecraft:nether_bricks":40,"minecraft:skeleton_skull":1,"minecraft:soul_campfire":9,"iceandfire:dragonegg_green":1,"artifacts:digging_claws":1,"minecraft:salmon":6,"minecraft:leather":38,"minecraft:birch_planks":23,"alexsmobs:cachalot_whale_tooth":1,"croptopia:tea_leaves":1,"minecraft:chainmail_chestplate":2,"artifacts:superstitious_hat":1,"minecraft:cobblestone_wall":3,"iceandfire:dragonegg_gray":1,"minecraft:gunpowder":97,"minecraft:cooked_mutton":2,"iceandfire:dragon_stick":1,"minecraft:iron_ingot":179,"croptopia:pineapple":1,"minecraft:cooked_chicken":2,"iceandfire:fire_dragon_flesh":19,"minecraft:oxidized_cut_copper":3,"minecraft:soul_sand":41,"iceandfire:crackled_cobblestone":50,"minecraft:book":280,"minecraft:scaffolding":4,"minecraft:oak_slab":2,"iceandfire:dragonegg_black":1,"mobcapturingtool:mob_capturing_tool":2,"minecraft:stone_brick_slab":2,"minecraft:quartz":154,"minecraft:dandelion":2,"minecraft:dripstone_block":27,"minecraft:amethyst_shard":10,"minecraft:white_bed":6,"minecraft:nether_brick_slab":34,"minecraft:spider_eye":8,"minecraft:pumpkin_seeds":6,"minecraft:iron_helmet":1,"croptopia:tea":1,"minecraft:coal":178},"minecraft:killed_by":{"grimoireofgaia:mimic":4,"minecraft:vex":3,"minecraft:creeper":2,"iceandfire:sea_serpent":1,"grimoireofgaia:harpy":1,"iceandfire:fire_dragon":1,"minecraft:player":1,"grimoireofgaia:valkyrie":1,"minecraft:skeleton":2},"minecraft:broken":{"minecraft:iron_axe":2,"minecraft:iron_pickaxe":1,"minecraft:stone_axe":1},"minecraft:killed":{"minecraft:cave_spider":6,"minecraft:cod":6,"iceandfire:stymphalian_bird":1,"minecraft:skeleton":21,"grimoireofgaia:mimic":6,"minecraft:chicken":1,"alexsmobs:centipede_head":1,"grimoireofgaia:flesh_lich":5,"grimoireofgaia:banshee":2,"minecraft:salmon":6,"minecraft:zombie":45,"grimoireofgaia:siren":3,"grimoireofgaia:deathword":3,"cataclysm:deepling":1,"iceandfire:lightning_dragon":4,"iceandfire:sea_serpent":1,"minecraft:cow":12,"minecraft:horse":5,"grimoireofgaia:valkyrie":2,"grimoireofgaia:creep":12,"grimoireofgaia:sludge_girl":2,"alexsmobs:giant_squid":1,"iceandfire:ghost":1,"iceandfire:ice_dragon":2,"minecraft:witch":1,"minecraft:spider":9,"grimoireofgaia:minotaurus":4,"minecraft:silverfish":5,"minecraft:piglin_brute":19,"artifacts:mimic":1,"minecraft:piglin":3,"minecraft:pig":38,"minecraft:zombie_villager":1,"grimoireofgaia:bone_knight":3,"alexsmobs:mantis_shrimp":1,"minecraft:creeper":46,"minecraft:ghast":1,"minecraft:stray":1,"grimoireofgaia:harpy":9,"minecraft:blaze":19,"minecraft:vex":1,"grimoireofgaia:satyress":1,"grimoireofgaia:succubus":4,"minecraft:slime":3,"minecraft:phantom":1,"iceandfire:fire_dragon":5,"alexsmobs:bison":2,"minecraft:drowned":2,"alexsmobs:flying_fish":1,"grimoireofgaia:dullahan":7,"grimoireofgaia:gryphon":1,"minecraft:bat":1,"grimoireofgaia:gelatinous_slime":1,"grimoireofgaia:cecaelia":13,"alexsmobs:cockroach":1,"grimoireofgaia:arachne":3,"tombstone:spectral_wolf":1,"alexsmobs:moose":5,"grimoireofgaia:wither_cow":1,"minecraft:wither_skeleton":23},"minecraft:used":{"iceandfire:dragonforge_fire_input":1,"minecraft:polished_blackstone":8,"iceandfire:dragon_skull_ice":6,"grimoireofgaia:fireshard":3,"minecraft:chest":13,"minecraft:stone":168,"grimoireofgaia:deco_nest_harpy":5,"minecraft:soul_sand":21,"minecraft:snowball":6,"easy_villagers:converter":1,"iceandfire:dragonegg_green":1,"minecraft:lava_bucket":1,"mobcapturingtool:mob_capturing_tool":27,"easy_villagers:iron_farm":12,"iceandfire:chared_stone":13,"minecraft:furnace":2,"iceandfire:frozen_cobblestone":51,"minecraft:diorite":49,"minecraft:spruce_door":5,"croptopia:tomato":1,"minecraft:blackstone":159,"minecraft:wooden_pickaxe":38,"artifacts:eternal_steak":127,"croptopia:orange":1,"minecraft:lectern":1,"iceandfire:dragon_bone_block":4,"iceandfire:dragonegg_silver":3,"ironchest:wood_to_iron_chest_upgrade":3,"minecraft:oak_trapdoor":3,"minecraft:stone_sword":117,"minecraft:netherrack":111,"minecraft:torch":231,"minecraft:brewing_stand":1,"minecraft:anvil":2,"minecraft:ancient_debris":1,"minecraft:nether_brick_slab":8,"minecraft:iron_axe":470,"easy_villagers:trader":23,"iceandfire:dragon_ice":30,"minecraft:bamboo":1,"minecraft:tripwire_hook":10,"iceandfire:dragonegg_gray":1,"tombstone:gift":6,"minecraft:cobbled_deepslate":528,"minecraft:water_bucket":149,"tombstone:scroll_of_reach":2,"minecraft:birch_planks":3,"iceandfire:crackled_stone":88,"minecraft:leather_boots":1,"iceandfire:dragon_skull_lightning":7,"minecraft:spruce_fence_gate":2,"minecraft:deepslate_bricks":64,"minecraft:cracked_stone_bricks":1,"justhammers:diamond_hammer":1194,"minecraft:crafting_table":5,"minecraft:oak_slab":2,"minecraft:white_bed":4,"minecraft:spruce_log":54,"justhammers:iron_hammer":107,"iceandfire:armor_bronze_chestplate":3,"minecraft:diamond_shovel":27,"iceandfire:dragonbone_sword_fire":447,"minecraft:iron_pickaxe":250,"tombstone:tablet_of_assistance":2,"minecraft:suspicious_stew":1,"minecraft:leather_helmet":1,"tombstone:magic_scroll":1,"minecraft:spruce_trapdoor":146,"minecraft:spruce_sapling":21,"minecraft:cobblestone":688,"minecraft:potion":3,"minecraft:cooked_porkchop":1,"minecraft:glass_pane":1,"croptopia:blueberry_seed":6,"easy_villagers:breeder":1,"minecraft:shield":24,"minecraft:nether_wart":12,"minecraft:creeper_head":2,"grimoireofgaia:soulfire":7,"minecraft:soul_campfire":9,"minecraft:nether_bricks":16,"minecraft:carrot":246,"minecraft:beehive":1,"minecraft:tuff":47,"minecraft:obsidian":20,"minecraft:glass":486,"iceandfire:cannoli":1,"minecraft:lantern":4,"minecraft:item_frame":6,"minecraft:birch_trapdoor":11,"croptopia:roe":1,"grimoireofgaia:meat":2,"minecraft:skeleton_skull":1,"iceandfire:armor_bronze_boots":1,"alexscaves:depth_glass":4,"iceandfire:frozen_gravel":6,"croptopia:lettuce_seed":5,"iceandfire:armor_bronze_helmet":1,"minecraft:stone_pickaxe":122,"minecraft:oak_planks":1,"minecraft:diamond_axe":733,"iceandfire:podium_spruce":1,"justhammers:diamond_destructor_hammer":1389,"minecraft:dripstone_block":1,"minecraft:shears":27,"minecraft:lever":7,"sophisticatedbackpacks:backpack":2,"easy_villagers:villager":9,"minecraft:bread":84,"minecraft:string":62,"minecraft:deepslate":104,"tombstone:grave_key":1,"ironchest:iron_to_gold_chest_upgrade":3,"minecraft:gravel":15,"croptopia:coffee_seed":3,"tombstone:familiar_stone":15,"iceandfire:dragon_skull_fire":9,"minecraft:andesite":63,"croptopia:pineapple_seed":7,"minecraft:warped_button":1,"minecraft:bone_meal":15,"minecraft:oak_fence":1,"grimoireofgaia:doll_ender_girl":1,"minecraft:redstone_ore":4,"minecraft:flint_and_steel":2,"tacz:gun_smith_table":1,"minecraft:spruce_planks":230,"minecraft:dirt":12,"minecraft:white_carpet":17,"minecraft:hopper":9,"minecraft:spruce_stairs":1,"minecraft:granite":76,"croptopia:tea":2,"minecraft:wooden_axe":29,"minecraft:stone_brick_slab":11,"iceandfire:dragonforge_fire_core_disabled":1,"minecraft:bookshelf":71,"minecraft:iron_boots":1,"iceandfire:dragonforge_fire_brick":8,"easy_villagers:incubator":1,"minecraft:cooked_beef":8,"minecraft:cooked_mutton":2,"minecraft:glass_bottle":6,"croptopia:tea_seed":2,"minecraft:spruce_sign":7,"tombstone:bag_of_seeds":4,"iceandfire:dragonegg_black":1,"minecraft:cracked_polished_blackstone_bricks":28,"iceandfire:seaserpent_skull":1,"minecraft:stone_axe":123,"minecraft:fishing_rod":19,"minecraft:bucket":165,"alexsmobs:animal_dictionary":4,"alexsmobs:emu_egg":2},"minecraft:mined":{"minecraft:white_bed":4,"minecraft:carved_pumpkin":1,"minecraft:granite":2,"croptopia:lime_crop":1,"minecraft:stone_brick_wall":2,"minecraft:hopper":2,"minecraft:nether_wart":22,"minecraft:spawner":10,"minecraft:weeping_vines_plant":1,"minecraft:polished_blackstone_bricks":6,"minecraft:cobbled_deepslate":126,"minecraft:fire":18,"minecraft:moss_carpet":1,"iceandfire:gold_pile":96,"minecraft:water_cauldron":1,"minecraft:dirt_path":6,"minecraft:tripwire":29,"minecraft:brown_mushroom":5,"minecraft:kelp_plant":1,"minecraft:amethyst_cluster":4,"minecraft:torch":11,"minecraft:nether_brick_slab":5,"minecraft:glass":59,"minecraft:sugar_cane":5,"iceandfire:crackled_stone":3,"minecraft:mud":1,"croptopia:pineapple_crop":1,"minecraft:wheat":48,"minecraft:lilac":16,"minecraft:wither_rose":2,"minecraft:grass":101,"minecraft:deepslate":41,"croptopia:cabbage_crop":1,"grimoireofgaia:deco_nest_harpy":4,"iceandfire:silver_ore":3,"minecraft:mossy_cobblestone":7,"minecraft:nether_bricks":1,"minecraft:kelp":1,"minecraft:potted_bamboo":1,"minecraft:moss_block":3,"minecraft:red_mushroom":1,"minecraft:redstone_ore":1,"minecraft:snow":16,"minecraft:andesite":7,"minecraft:potatoes":18,"minecraft:vine":2,"minecraft:rail":1,"iceandfire:frost_lily":2,"iceandfire:podium_spruce":1,"minecraft:oak_slab":4,"minecraft:glass_pane":1,"minecraft:soul_sand":42,"croptopia:lettuce_crop":1,"minecraft:brown_carpet":1,"minecraft:stone_brick_slab":1,"minecraft:polished_blackstone_brick_wall":5,"minecraft:dandelion":1,"iceandfire:frozen_gravel":9,"minecraft:cornflower":15,"minecraft:campfire":14,"minecraft:copper_ore":12,"minecraft:tall_grass":28,"alexscaves:depth_glass":3,"minecraft:white_carpet":3,"minecraft:spruce_log":486,"croptopia:blackberry_crop":1,"minecraft:gravel":96,"minecraft:dripstone_block":1,"minecraft:cobweb":26,"minecraft:polished_blackstone":1,"minecraft:stone_bricks":4,"minecraft:spruce_fence_gate":2,"grimoireofgaia:doll_ender_girl":1,"minecraft:large_amethyst_bud":1,"minecraft:spruce_planks":224,"minecraft:potted_blue_orchid":1,"minecraft:spruce_trapdoor":24,"minecraft:grass_block":40,"minecraft:cracked_polished_blackstone_bricks":1,"minecraft:polished_blackstone_brick_slab":7,"minecraft:gilded_blackstone":4,"iceandfire:crackled_cobblestone":3,"minecraft:smooth_stone":2,"minecraft:glowstone":6,"minecraft:iron_ore":43,"croptopia:tea_crop":1,"minecraft:anvil":2,"minecraft:brown_bed":1,"minecraft:pointed_dripstone":1,"minecraft:iron_bars":4,"minecraft:warped_button":5,"minecraft:spruce_slab":1,"iceandfire:chared_cobblestone":12,"minecraft:blackstone":40,"minecraft:clay":7,"iceandfire:dragon_ice_spikes":1,"minecraft:poppy":1,"iceandfire:ghost_chest":1,"minecraft:chest":2,"iceandfire:frozen_dirt":1,"iceandfire:fire_lily":2,"minecraft:nether_quartz_ore":3,"minecraft:cobblestone":59,"minecraft:wall_torch":5,"minecraft:birch_log":69,"minecraft:birch_trapdoor":11,"minecraft:oak_log":132,"minecraft:beetroots":3,"minecraft:sand":65,"minecraft:dirt":90,"minecraft:tripwire_hook":4,"minecraft:netherrack":34,"minecraft:ancient_debris":1,"minecraft:oak_leaves":34,"iceandfire:chared_stone":9,"iceandfire:lightning_lily":1,"minecraft:diamond_ore":2,"minecraft:tuff":11,"minecraft:deepslate_diamond_ore":12,"minecraft:dark_oak_leaves":1,"minecraft:candle":1,"iceandfire:frozen_cobblestone":46,"minecraft:lever":2,"minecraft:stone_button":2,"iceandfire:frozen_stone":2,"minecraft:spruce_leaves":43,"iceandfire:dragon_ice":19,"minecraft:hay_block":20,"minecraft:oak_trapdoor":19,"easy_villagers:iron_farm":7,"minecraft:carrots":158,"croptopia:blueberry_crop":1,"minecraft:gold_block":40,"minecraft:bookshelf":92,"easy_villagers:trader":3,"minecraft:lantern":2,"minecraft:stone":85,"iceandfire:pixie_jar_empty":1,"minecraft:scaffolding":4,"minecraft:oak_fence":18,"minecraft:crafting_table":1,"minecraft:rose_bush":4,"minecraft:lectern":2,"minecraft:polished_blackstone_brick_stairs":7,"minecraft:sculk":3,"minecraft:spruce_stairs":4,"minecraft:birch_planks":3,"minecraft:beehive":1,"minecraft:polished_blackstone_stairs":1,"minecraft:ice":101,"minecraft:coal_ore":11},"minecraft:dropped":{"iceandfire:chared_stone":76,"minecraft:lapis_lazuli":2,"minecraft:cooked_beef":14,"minecraft:crafting_table":1,"minecraft:cookie":216,"iceandfire:dragonscales_copper":84,"minecraft:cracked_stone_bricks":5,"minecraft:rail":2,"minecraft:leather_helmet":1,"minecraft:item_frame":2,"minecraft:dirt":63,"minecraft:grass":1,"minecraft:stone_button":6,"minecraft:chain":3,"minecraft:gold_nugget":285,"iceandfire:fire_dragon_blood":1,"minecraft:white_wool":2,"minecraft:bone":2,"minecraft:iron_nugget":37,"alexscaves:diving_leggings":1,"alexsmobs:animal_dictionary":1,"minecraft:cobbled_deepslate":1171,"minecraft:nether_brick":476,"minecraft:wheat":3,"minecraft:deepslate_brick_slab":2496,"minecraft:rotten_flesh":56,"minecraft:glowstone_dust":2,"iceandfire:ghost_chest":1,"grimoireofgaia:cursed_metal_sword":2,"croptopia:cantaloupe":3,"minecraft:hopper":9,"alexscaves:abyssmarine_pillar":1,"minecraft:leather_boots":4,"iceandfire:bestiary":1,"iceandfire:crackled_cobblestone":50,"minecraft:spruce_slab":2,"minecraft:glass":330,"minecraft:enchanted_book":7,"minecraft:golden_boots":1,"minecraft:wheat_seeds":163,"minecraft:clock":19,"minecraft:dripstone_block":27,"minecraft:oxidized_cut_copper":3,"minecraft:waxed_oxidized_cut_copper_stairs":1,"minecraft:iron_helmet":3,"minecraft:feather":1,"minecraft:cobblestone":847,"minecraft:book":1,"iceandfire:dragon_stick":1,"minecraft:apple":64,"minecraft:granite":285,"minecraft:spruce_door":10,"minecraft:coal":55,"minecraft:pufferfish":2,"iceandfire:copper_nugget":104,"minecraft:wooden_axe":1,"croptopia:tomato":1,"minecraft:rose_bush":6,"artifacts:plastic_drinking_hat":1,"minecraft:mud":1,"minecraft:smooth_stone":2,"minecraft:string":17,"minecraft:oxidized_copper":3,"iceandfire:dragon_skull_fire":4,"minecraft:spruce_sapling":3,"iceandfire:frozen_cobblestone":44,"croptopia:elderberry":1,"iceandfire:silver_nugget":22,"minecraft:stone_sword":3,"minecraft:cobblestone_wall":3,"minecraft:dark_oak_sign":7,"minecraft:bowl":1,"minecraft:deepslate":3135,"iceandfire:dragonegg_silver":3,"croptopia:cabbage_seed":4,"croptopia:blackberry_seed":5,"minecraft:stone_shovel":19,"minecraft:white_carpet":8,"minecraft:iron_boots":4,"sophisticatedbackpacks:backpack":1,"croptopia:radish_seed":5,"minecraft:nether_bricks":1,"minecraft:shears":1,"minecraft:pumpkin_seeds":6,"minecraft:suspicious_stew":14,"grimoireofgaia:soulfire":4,"minecraft:diamond_sword":1,"minecraft:potato":11,"minecraft:stone":2232,"minecraft:flower_pot":1,"alexsmobs:cockroach_wing_fragment":3,"minecraft:spruce_planks":9,"minecraft:spruce_trapdoor":18,"minecraft:bundle":1,"iceandfire:silver_ingot":6,"easy_villagers:villager":2,"minecraft:spider_eye":1,"minecraft:stone_bricks":5,"minecraft:weathered_cut_copper":1,"minecraft:warped_button":11,"minecraft:brown_carpet":12,"iceandfire:crackled_stone":14,"croptopia:lime":1,"iceandfire:dragon_skull_lightning":1,"minecraft:spruce_sign":18,"grimoireofgaia:diamond_shard":1,"minecraft:soul_sand":11,"minecraft:birch_planks":40,"minecraft:diamond_axe":1,"grimoireofgaia:withered_brain":1,"minecraft:baked_potato":1,"croptopia:elderberry_seed":1,"iceandfire:ice_dragon_flesh":7,"minecraft:weathered_cut_copper_slab":5,"minecraft:lantern":159,"croptopia:chile_pepper_seed":2,"alexsmobs:bison_fur":4,"minecraft:cod":2,"croptopia:tomato_seed":2,"minecraft:flint":6,"artifacts:night_vision_goggles":1,"iceandfire:dragonsteel_lightning_hoe":1,"minecraft:dispenser":10,"minecraft:polished_blackstone_brick_stairs":23,"minecraft:cornflower":16,"minecraft:snowball":2,"croptopia:pepper":1,"alexsmobs:cooked_moose_ribs":10,"croptopia:cantaloupe_seed":2,"minecraft:gold_ingot":4,"minecraft:gravel":5,"minecraft:blackstone":119,"minecraft:pointed_dripstone":2,"minecraft:beetroot":3,"alexscaves:rusty_scrap_metal_plate":26,"iceandfire:frozen_stone":1,"minecraft:carrot":11,"croptopia:blueberry_seed":2,"minecraft:chainmail_chestplate":2,"minecraft:poppy":1562,"minecraft:leather_chestplate":1,"minecraft:soul_campfire":9,"minecraft:birch_trapdoor":2,"minecraft:skeleton_skull":1,"minecraft:dropper":1,"minecraft:beetroot_seeds":9,"minecraft:stone_brick_wall":24,"minecraft:iron_bars":6,"minecraft:arrow":29,"minecraft:cracked_nether_bricks":8,"minecraft:netherrack":1443,"minecraft:stone_hoe":20,"minecraft:water_bucket":11,"minecraft:bread":1,"justhammers:diamond_hammer":1,"grimoireofgaia:emerald_shard":2,"minecraft:lilac":10,"minecraft:mossy_cobblestone":2,"minecraft:golden_axe":2,"croptopia:blackberry":1,"iceandfire:frozen_gravel":2,"minecraft:spruce_stairs":8,"iceandfire:dragon_flute":1,"minecraft:diorite":301,"minecraft:torch":64,"tombstone:grave_dust":4,"minecraft:polished_blackstone_brick_slab":1,"alexscaves:rusty_scaffolding":2,"iceandfire:ice_dragon_heart":1,"tacz:modern_kinetic_gun":2,"minecraft:pink_petals":3,"minecraft:music_disc_cat":1,"iceandfire:dragonscales_bronze":8,"minecraft:dandelion":2,"minecraft:redstone":2,"minecraft:waxed_weathered_cut_copper_stairs":3,"minecraft:nether_brick_slab":12,"minecraft:kelp":4,"alexsmobs:maggot":2,"minecraft:oak_trapdoor":1,"minecraft:blaze_rod":1,"minecraft:raw_copper":16,"minecraft:tuff":388,"minecraft:raw_iron":1,"iceandfire:dragonsteel_lightning_chestplate":1,"minecraft:shield":1,"iceandfire:chared_cobblestone":128,"minecraft:andesite":704,"croptopia:radish":1,"croptopia:roe":16,"justhammers:diamond_destructor_hammer":1,"mobcapturingtool:mob_capturing_tool":4,"croptopia:peach":2,"minecraft:stone_pickaxe":21,"minecraft:wooden_pickaxe":1,"croptopia:pepper_seed":1}},"DataVersion":3465}