{"stats":{"minecraft:custom":{"minecraft:interact_with_crafting_table":292,"minecraft:open_barrel":383,"minecraft:eat_cake_slice":2,"minecraft:leave_game":79,"minecraft:time_since_death":83293,"minecraft:damage_blocked_by_shield":4275,"minecraft:play_time":1931765,"minecraft:deaths":63,"tombstone:tomb_raiding":1,"minecraft:jump":26342,"minecraft:interact_with_furnace":201,"minecraft:traded_with_villager":1973,"minecraft:sleep_in_bed":53,"tombstone:sneak_grave":1,"minecraft:damage_dealt":195772,"tombstone:undead_killed":285,"minecraft:interact_with_smoker":2,"minecraft:inspect_dispenser":29,"minecraft:interact_with_smithing_table":2,"minecraft:interact_with_anvil":57,"minecraft:inspect_hopper":13,"minecraft:damage_dealt_absorbed":45,"minecraft:sneak_time":204421,"minecraft:interact_with_blast_furnace":34,"minecraft:total_world_time":1931765,"tombstone:raider_killed":16,"minecraft:time_since_rest":4873,"minecraft:swim_one_cm":872535,"minecraft:fly_one_cm":11711943,"minecraft:open_chest":1236,"minecraft:fall_one_cm":5503275,"minecraft:animals_bred":183,"minecraft:sprint_one_cm":2738214,"minecraft:drop":1091,"minecraft:talked_to_villager":9,"minecraft:interact_with_brewingstand":19,"minecraft:walk_on_water_one_cm":495218,"minecraft:interact_with_loom":6,"minecraft:player_kills":12,"minecraft:crouch_one_cm":1146027,"minecraft:mob_kills":1055,"minecraft:damage_dealt_resisted":7747,"minecraft:climb_one_cm":18328,"minecraft:walk_one_cm":4041203,"minecraft:walk_under_water_one_cm":629289,"minecraft:boat_one_cm":47960,"minecraft:damage_taken":52553,"minecraft:damage_absorbed":87,"minecraft:trigger_trapped_chest":22},"minecraft:crafted":{"justhammers:netherite_hammer":1,"minecraft:smooth_stone":3,"minecraft:oak_sign":24,"iceandfire:armor_amythest_chestplate":1,"minecraft:blaze_powder":2,"easy_villagers:incubator":1,"sophisticatedbackpacks:crafting_upgrade":1,"minecraft:lever":2,"minecraft:diamond_shovel":2,"iceandfire:dragonsteel_lightning_leggings":1,"minecraft:bookshelf":28,"iceandfire:dragonforge_lightning_input":1,"justhammers:reinforced_core":1,"minecraft:cooked_mutton":6,"ironchest:crystal_chest":2,"minecraft:glass":1210,"iceandfire:armor_silver_metal_chestplate":1,"minecraft:repeater":67,"iceandfire:dragonsteel_lightning_helmet":1,"croptopia:salt":64,"easy_villagers:trader":17,"iceandfire:dragonarmor_diamond_tail":1,"minecraft:glass_bottle":24,"iceandfire:dragonarmor_diamond_neck":1,"minecraft:target":2,"minecraft:emerald":1359,"minecraft:soul_campfire":9,"minecraft:diamond_axe":1,"minecraft:jungle_boat":1,"croptopia:corn_seed":124,"minecraft:smithing_table":2,"minecraft:copper_ingot":88,"minecraft:fletching_table":2,"iceandfire:dragonsteel_lightning_shovel":1,"minecraft:cartography_table":1,"minecraft:lectern":10,"minecraft:stone_slab":12,"minecraft:iron_block":2,"iceandfire:dragonarmor_diamond_body":1,"minecraft:gold_ingot":94,"iceandfire:dragon_horn":3,"minecraft:netherite_ingot":3,"iceandfire:dragonsteel_lightning_axe":1,"iceandfire:silver_sword":1,"minecraft:stone_shovel":12,"croptopia:ham_sandwich":51,"minecraft:smooth_stone_slab":6,"croptopia:cooking_pot":1,"iceandfire:dragonbone_sword_fire":1,"minecraft:diamond_hoe":1,"iceandfire:armor_amythest_helmet":2,"iceandfire:dragon_flute":1,"easy_villagers:iron_farm":5,"minecraft:bone_meal":216,"ironchest:gold_to_diamond_chest_upgrade":2,"iceandfire:dragonsteel_lightning_hoe":1,"iceandfire:dragonscale_gray":8,"minecraft:lantern":171,"minecraft:diamond":9,"minecraft:stone_pickaxe":1,"minecraft:redstone_block":44,"iceandfire:armor_black_chestplate":1,"croptopia:sweetpotato_seed":3,"minecraft:wheat":333,"iceandfire:dragonbone_sword":2,"ironchest:gold_chest":3,"ironchest:wood_to_iron_chest_upgrade":4,"easy_villagers:farmer":2,"justhammers:diamond_destructor_hammer":1,"croptopia:water_bottle":64,"tacz:gun_smith_table":1,"croptopia:milk_bottle":64,"sophisticatedbackpacks:gold_backpack":1,"minecraft:enchanted_book":52,"ironchest:iron_to_gold_chest_upgrade":4,"minecraft:fermented_spider_eye":1,"minecraft:wooden_axe":1,"minecraft:iron_leggings":1,"minecraft:armor_stand":1,"croptopia:grape_seed":2,"minecraft:white_bed":1,"iceandfire:silver_pickaxe":1,"iceandfire:dragonforge_fire_brick":4,"minecraft:oak_planks":664,"iceandfire:deathworm_yellow_chestplate":1,"iceandfire:armor_amythest_leggings":1,"minecraft:stone":5,"croptopia:cabbage_seed":2,"iceandfire:dragonsteel_lightning_boots":1,"iceandfire:dragonsteel_lightning_chestplate":1,"minecraft:hopper":18,"minecraft:bow":11,"iceandfire:dragonbone_sword_lightning":1,"iceandfire:dragonscale_copper":14,"minecraft:comparator":5,"justhammers:diamond_hammer":1,"minecraft:chest":33,"minecraft:stone_hoe":20,"minecraft:stone_bricks":144,"minecraft:dropper":5,"minecraft:oak_slab":42,"sophisticatedbackpacks:backpack":1,"minecraft:map":8,"minecraft:crafting_table":6,"justhammers:reinforced_impact_core":1,"minecraft:spruce_planks":420,"iceandfire:dragonscale_amythest":27,"tacz:ammo_box":3,"minecraft:wooden_pickaxe":1,"iceandfire:dragonarmor_diamond_head":1,"minecraft:gold_block":5,"minecraft:brewing_stand":1,"iceandfire:dragonsteel_lightning_sword":1,"sophisticatedbackpacks:upgrade_base":1,"ironchest:diamond_chest":3,"alexscaves:abyssal_altar":1,"minecraft:dispenser":11,"minecraft:paper":45,"minecraft:shield":2,"minecraft:stick":921,"minecraft:iron_ingot":103,"minecraft:redstone_torch":146,"minecraft:shears":1,"mobcapturingtool:mob_capturing_tool":9,"minecraft:cookie":216,"minecraft:nether_brick_slab":1030,"minecraft:redstone":234,"minecraft:raw_iron":18,"minecraft:coal":27,"iceandfire:dragon_stick":1,"minecraft:furnace":4,"alexscaves:cave_map":1,"minecraft:diamond_block":47,"minecraft:oak_trapdoor":68,"minecraft:glass_pane":656,"minecraft:flint_and_steel":1,"justhammers:destructor_core":1,"minecraft:iron_hoe":1,"iceandfire:armor_red_leggings":1,"iceandfire:dragon_bone_block":8,"minecraft:netherite_scrap":13,"ironchest:diamond_to_obsidian_chest_upgrade":2,"minecraft:observer":15,"sophisticatedbackpacks:iron_backpack":1,"croptopia:onion_seed":2,"minecraft:cooked_beef":5,"minecraft:sugar":1,"minecraft:cooked_cod":8,"iceandfire:silver_ingot":12,"iceandfire:dragon_meal":107,"iceandfire:tide_trident":1,"minecraft:nether_bricks":1761,"minecraft:cooked_salmon":41,"iceandfire:armor_amythest_boots":1,"iceandfire:dragonsteel_lightning_ingot":11,"minecraft:bucket":12,"minecraft:stone_axe":1,"minecraft:bread":215,"minecraft:air":0,"minecraft:jungle_planks":8,"croptopia:banana_sapling":1,"minecraft:oak_boat":2,"croptopia:tomato_seed":3,"iceandfire:dragonforge_lightning_brick":32,"croptopia:cheese":64,"easy_villagers:breeder":1,"croptopia:lettuce_seed":2,"iceandfire:dragonforge_lightning_core_disabled":1,"justhammers:impact_core":1,"minecraft:acacia_planks":12,"minecraft:torch":84,"easy_villagers:converter":1,"ironchest:iron_chest":3},"minecraft:picked_up":{"minecraft:creeper_head":1,"minecraft:anvil":3,"croptopia:grape_seed":1,"artifacts:bunny_hoppers":1,"minecraft:lead":2,"minecraft:smithing_table":1,"minecraft:stone_slab":2,"minecraft:oak_stairs":7,"minecraft:enchanted_book":9,"croptopia:cabbage_seed":8,"croptopia:calamari":2,"minecraft:brewing_stand":1,"iceandfire:manuscript":33,"minecraft:music_disc_cat":2,"minecraft:polished_blackstone_brick_stairs":11,"minecraft:string":72,"minecraft:soul_soil":3,"minecraft:pufferfish":3,"minecraft:beetroot":2,"minecraft:gold_nugget":1240,"minecraft:cobbled_deepslate":3253,"minecraft:coal_block":17,"minecraft:polished_blackstone_brick_slab":8,"artifacts:universal_attractor":1,"minecraft:composter":2,"minecraft:acacia_log":3,"alexscaves:abyssmarine_tiles":18,"easy_villagers:iron_farm":3,"croptopia:almond":4,"iceandfire:lightning_dragon_flesh":56,"minecraft:golden_axe":2,"croptopia:fig":1,"alexsmobs:centipede_leg":3,"easy_villagers:villager":1,"iceandfire:lightning_lily":2,"minecraft:stone_sword":2,"artifacts:lucky_scarf":1,"artifacts:villager_hat":1,"iceandfire:deathworm_chitin_yellow":11,"iceandfire:fire_dragon_heart":4,"minecraft:blaze_rod":23,"croptopia:lettuce_seed":5,"iceandfire:dragonscales_black":8,"minecraft:iron_door":1,"minecraft:magma_block":16,"minecraft:feather":16,"minecraft:cooked_beef":37,"minecraft:water_bucket":10,"minecraft:jungle_log":2,"minecraft:brown_wool":3,"minecraft:flint":43,"alexsmobs:cooked_kangaroo_meat":4,"minecraft:netherite_leggings":2,"croptopia:celery":1,"tombstone:familiar_receptacle":1,"minecraft:lantern":66,"artifacts:shock_pendant":1,"tacz:ammo_box":1,"minecraft:chipped_anvil":1,"minecraft:glowstone_dust":20,"croptopia:lime":1,"alexscaves:rusty_scrap_metal_plate":5,"iceandfire:dragonscales_amythest":283,"minecraft:chiseled_polished_blackstone":1,"minecraft:dropper":1,"croptopia:celery_seed":2,"iceandfire:dragon_skull_fire":5,"sophisticatedbackpacks:iron_backpack":1,"minecraft:ink_sac":2,"iceandfire:lightning_dragon_heart":5,"grimoireofgaia:fireshard":10,"minecraft:barrel":2,"iceandfire:chared_cobblestone":22,"minecraft:bundle":3,"minecraft:dispenser":12,"minecraft:deepslate":2862,"iceandfire:crackled_stone":168,"iceandfire:lectern":1,"croptopia:radish_seed":1,"croptopia:leek_seed":2,"minecraft:granite":424,"minecraft:bread":1,"minecraft:crimson_roots":3,"iceandfire:raw_silver":21,"sophisticatedbackpacks:gold_backpack":4,"iceandfire:dragon_skull_lightning":8,"minecraft:crafting_table":9,"iceandfire:witherbone":38,"minecraft:nether_wart":10,"minecraft:leather_leggings":1,"croptopia:onion":1,"minecraft:cornflower":1,"iceandfire:dragonegg_silver":3,"artifacts:power_glove":1,"minecraft:netherite_scrap":13,"tacz:ammo":2178,"minecraft:glass_pane":7,"iceandfire:graveyard_soil":1,"minecraft:cracked_stone_bricks":10,"croptopia:avocado":2,"minecraft:beef":10,"croptopia:pepper_seed":3,"minecraft:iron_nugget":44,"croptopia:coconut":1,"minecraft:poppy":217,"iceandfire:dragonscales_electric":11,"minecraft:diamond_hoe":1,"minecraft:egg":2,"minecraft:stone":6172,"croptopia:corn_seed":373,"minecraft:raw_gold_block":4,"minecraft:spruce_fence":1,"iceandfire:dragonsteel_lightning_chestplate":1,"iceandfire:dragonegg_copper":1,"minecraft:carrot":265,"minecraft:redstone":793,"croptopia:banana":51,"minecraft:tnt":6,"minecraft:beetroot_seeds":12,"minecraft:shears":1,"minecraft:hay_block":48,"minecraft:gold_ingot":289,"croptopia:pepper":2,"minecraft:totem_of_undying":1,"sophisticatedbackpacks:copper_backpack":1,"minecraft:polished_blackstone":2,"minecraft:mutton":6,"minecraft:white_wool":22,"minecraft:bone_block":23,"minecraft:rail":5,"minecraft:oxeye_daisy":1,"minecraft:clock":1,"iceandfire:troll_leather_mountain":3,"alexsmobs:skreecher_soul":1,"grimoireofgaia:bone_shield":1,"minecraft:oak_log":204,"minecraft:ancient_debris":13,"croptopia:leek":1,"alexsmobs:mosquito_proboscis":1,"minecraft:paper":2,"tombstone:gift":1,"iceandfire:pixie_house_mushroom_red":1,"minecraft:stone_bricks":35,"iceandfire:dragonsteel_lightning_hoe":1,"tombstone:bag_of_seeds":1,"croptopia:tomato":2,"artifacts:steadfast_spikes":1,"minecraft:iron_sword":1,"alexscaves:abyssmarine_pillar":10,"iceandfire:chared_stone":27,"iceandfire:copper_nugget":819,"minecraft:smooth_basalt":29,"minecraft:cracked_nether_bricks":23,"minecraft:gravel":305,"minecraft:spruce_sapling":4,"croptopia:tea_seed":1,"minecraft:spruce_log":107,"grimoireofgaia:box_iron":1,"iceandfire:dragonscales_copper":86,"alexscaves:pearl":1,"alexscaves:smooth_bone":15,"iceandfire:dragon_flute":1,"minecraft:slime_ball":8,"tacz:modern_kinetic_gun":6,"minecraft:diamond_axe":1,"minecraft:gray_wool":78,"grimoireofgaia:rotten_heart":1,"minecraft:polished_blackstone_brick_wall":2,"alexscaves:cave_map":1,"minecraft:lodestone":1,"minecraft:hopper":11,"minecraft:ender_pearl":8,"minecraft:music_disc_strad":1,"minecraft:wheat":77,"cataclysm:monstrous_horn":1,"croptopia:cinnamon_log":10,"minecraft:nether_brick":7942,"minecraft:stone_brick_stairs":4,"croptopia:cantaloupe":1,"croptopia:lettuce":1,"minecraft:raw_copper":8,"minecraft:oak_sign":5,"alexsmobs:blood_sac":6,"minecraft:comparator":1,"minecraft:light_weighted_pressure_plate":1,"alexsmobs:cooked_moose_ribs":10,"minecraft:rose_bush":7,"minecraft:iron_pickaxe":1,"iceandfire:dragonscales_red":7,"minecraft:iron_boots":1,"minecraft:furnace":8,"minecraft:stick":199,"iceandfire:ghost_chest":3,"minecraft:torch":3,"croptopia:blackberry_seed":2,"minecraft:porkchop":2,"tacz:attachment":7,"tombstone:grave_dust":26,"minecraft:diorite":716,"croptopia:date":2,"minecraft:rotten_flesh":154,"alexsmobs:emu_egg":1,"artifacts:panic_necklace":1,"minecraft:obsidian":12,"croptopia:cabbage":1,"minecraft:cobblestone":3385,"grimoireofgaia:metal_dagger":1,"minecraft:leather_chestplate":1,"minecraft:repeater":10,"minecraft:andesite":1383,"cataclysm:coral_bardiche":1,"minecraft:golden_leggings":1,"minecraft:potato":38,"croptopia:mango":1,"minecraft:tuff":569,"minecraft:wither_skeleton_skull":2,"justhammers:diamond_destructor_hammer":2,"croptopia:blueberry_seed":5,"minecraft:lapis_lazuli":677,"minecraft:dirt":1465,"minecraft:leather_boots":1,"minecraft:glass":132,"minecraft:bone":203,"croptopia:corn":237,"croptopia:sweetpotato":3,"minecraft:bow":4,"minecraft:wheat_seeds":217,"minecraft:deepslate_brick_slab":2343,"minecraft:raw_gold":5,"croptopia:nutmeg":2,"alexscaves:diving_leggings":1,"minecraft:bamboo":9,"minecraft:oak_planks":31,"iceandfire:amphithere_feather":3,"croptopia:dragonfruit":2,"minecraft:cooked_porkchop":402,"alexscaves:abyssmarine":58,"artifacts:rooted_boots":1,"croptopia:blackberry":1,"minecraft:sand":73,"minecraft:jungle_planks":1,"alexscaves:abyssal_altar":1,"minecraft:cyan_bed":1,"minecraft:mossy_cobblestone":3,"minecraft:dark_prismarine":6,"artifacts:plastic_drinking_hat":1,"minecraft:clay":1,"minecraft:diamond":441,"minecraft:netherite_helmet":2,"iceandfire:dragonbone_sword_fire":1,"grimoireofgaia:withered_brain":1,"croptopia:pineapple_seed":6,"minecraft:cracked_polished_blackstone_bricks":6,"minecraft:crossbow":1,"croptopia:onion_seed":1,"minecraft:spruce_sign":18,"minecraft:emerald":12,"minecraft:oak_sapling":2,"minecraft:netherrack":1369,"iceandfire:silver_nugget":10,"grimoireofgaia:soulfire":3,"minecraft:turtle_helmet":2,"iceandfire:fire_lily":1,"minecraft:brown_mushroom":16,"croptopia:sweetpotato_seed":5,"minecraft:stone_brick_wall":5,"minecraft:diamond_horse_armor":1,"minecraft:chain":2,"minecraft:oak_trapdoor":46,"artifacts:feral_claws":1,"minecraft:item_frame":2,"artifacts:fire_gauntlet":1,"minecraft:blackstone":79,"minecraft:candle":1,"croptopia:tomato_seed":4,"alexsmobs:elastic_tendon":2,"minecraft:observer":8,"grimoireofgaia:doll_ender_girl":3,"minecraft:lectern":1,"minecraft:sugar_cane":40,"iceandfire:dragonbone":312,"minecraft:raw_iron":74,"iceandfire:dragonscales_gray":240,"iceandfire:dragonscales_green":17,"grimoireofgaia:meat":3,"iceandfire:troll_tusk":3,"minecraft:copper_ingot":1224,"minecraft:polished_blackstone_bricks":6,"minecraft:stone_button":32,"iceandfire:dragonegg_amythest":2,"minecraft:trident":1,"minecraft:dark_oak_planks":2,"croptopia:grape":1,"artifacts:snorkel":2,"iceandfire:silver_ingot":74,"minecraft:arrow":69,"croptopia:cantaloupe_seed":1,"croptopia:banana_sapling":1,"minecraft:nether_bricks":345,"alexscaves:spelunkery_table":2,"artifacts:running_shoes":1,"artifacts:cross_necklace":1,"alexscaves:abyssmarine_brick_stairs":8,"minecraft:jungle_boat":1,"minecraft:basalt":3,"minecraft:leather":32,"artifacts:onion_ring":1,"iceandfire:ectoplasm":11,"minecraft:yellow_bed":1,"minecraft:nether_wart_block":3,"minecraft:gunpowder":159,"minecraft:orange_terracotta":1,"minecraft:cooked_mutton":58,"cataclysm:infernal_forge":2,"minecraft:gray_carpet":1,"iceandfire:dragon_stick":1,"minecraft:iron_ingot":611,"artifacts:whoopee_cushion":1,"minecraft:cooked_chicken":24,"artifacts:kitty_slippers":1,"iceandfire:fire_dragon_flesh":20,"minecraft:soul_sand":33,"iceandfire:crackled_cobblestone":96,"minecraft:book":54,"minecraft:sculk_catalyst":1,"minecraft:oak_slab":2,"iceandfire:dragonegg_black":1,"mobcapturingtool:mob_capturing_tool":3,"minecraft:chiseled_stone_bricks":1,"minecraft:quartz":458,"minecraft:dandelion":13,"minecraft:raw_iron_block":2,"minecraft:dripstone_block":48,"minecraft:amethyst_shard":2,"minecraft:blast_furnace":1,"minecraft:white_bed":2,"minecraft:nether_brick_slab":2792,"artifacts:scarf_of_invisibility":2,"alexscaves:abyssmarine_bricks":8,"minecraft:spider_eye":6,"artifacts:helium_flamingo":1,"iceandfire:silver_pickaxe":1,"minecraft:pumpkin_seeds":7,"tombstone:magic_scroll":2,"minecraft:damaged_anvil":2,"minecraft:netherite_hoe":2,"minecraft:coal":234},"minecraft:killed_by":{"grimoireofgaia:arachne":2,"grimoireofgaia:minotaurus":1,"minecraft:zombie":1,"grimoireofgaia:mimic":2,"alexsmobs:giant_squid":1,"grimoireofgaia:flesh_lich":1,"grimoireofgaia:ant_salvager":1,"grimoireofgaia:shaman":1,"alexsmobs:centipede_head":1,"grimoireofgaia:creep":2,"minecraft:wither_skeleton":2,"iceandfire:cyclops":2,"minecraft:creeper":2,"grimoireofgaia:cecaelia":1,"minecraft:cave_spider":1,"iceandfire:ice_dragon":3,"grimoireofgaia:deathword":2,"minecraft:blaze":1,"artifacts:mimic":5,"minecraft:witch":1,"iceandfire:fire_dragon":5,"minecraft:player":5,"minecraft:spider":1,"minecraft:skeleton":2,"iceandfire:lightning_dragon":8},"minecraft:broken":{"minecraft:diamond_shovel":1,"minecraft:iron_hoe":1,"minecraft:shield":1,"minecraft:golden_helmet":1,"iceandfire:armor_amythest_helmet":1},"minecraft:killed":{"minecraft:cave_spider":5,"alexsmobs:murmur":1,"iceandfire:stymphalian_bird":2,"minecraft:skeleton":63,"grimoireofgaia:mimic":14,"minecraft:chicken":12,"alexsmobs:straddler":1,"alexsmobs:centipede_head":4,"grimoireofgaia:flesh_lich":7,"minecraft:magma_cube":9,"grimoireofgaia:banshee":1,"alexsmobs:seal":1,"grimoireofgaia:hunter":1,"iceandfire:cockatrice":4,"minecraft:pillager":4,"minecraft:zombie":102,"grimoireofgaia:siren":3,"grimoireofgaia:deathword":9,"iceandfire:lightning_dragon":7,"iceandfire:sea_serpent":3,"minecraft:cow":26,"minecraft:evoker":1,"alexsmobs:seagull":5,"minecraft:horse":4,"grimoireofgaia:creep":17,"grimoireofgaia:sludge_girl":1,"minecraft:warden":1,"iceandfire:hippocampus":2,"cataclysm:deepling_angler":2,"alexsmobs:guster":1,"iceandfire:cyclops":1,"alexsmobs:rhinoceros":2,"iceandfire:ghost":17,"iceandfire:ice_dragon":1,"minecraft:enderman":1,"minecraft:zombified_piglin":4,"minecraft:witch":5,"minecraft:spider":42,"cataclysm:netherite_monstrosity":1,"grimoireofgaia:goblin":1,"minecraft:silverfish":7,"grimoireofgaia:ant_salvager":2,"minecraft:piglin_brute":6,"alexsmobs:kangaroo":3,"artifacts:mimic":21,"minecraft:piglin":3,"minecraft:pig":156,"minecraft:zombie_villager":1,"grimoireofgaia:bone_knight":12,"iceandfire:hydra":1,"minecraft:creeper":80,"alexsmobs:crimson_mosquito":18,"minecraft:sheep":30,"cataclysm:deepling_brute":2,"grimoireofgaia:harpy":4,"minecraft:blaze":40,"grimoireofgaia:shaman":1,"grimoireofgaia:satyress":3,"grimoireofgaia:succubus":12,"minecraft:slime":6,"minecraft:phantom":1,"grimoireofgaia:ender_eye":3,"iceandfire:fire_dragon":3,"minecraft:drowned":5,"cataclysm:lionfish":3,"iceandfire:deathworm":1,"alexsmobs:skreecher":1,"iceandfire:troll":2,"iceandfire:amphithere":1,"grimoireofgaia:gelatinous_slime":1,"grimoireofgaia:cecaelia":19,"minecraft:hoglin":1,"grimoireofgaia:arachne":11,"grimoireofgaia:wither_cow":3,"minecraft:wither_skeleton":68},"minecraft:used":{"iceandfire:lectern":1,"iceandfire:dragonsteel_lightning_chestplate":1,"minecraft:dispenser":23,"sophisticatedbackpacks:copper_backpack":1,"minecraft:poppy":8,"minecraft:chest":10,"minecraft:stone":1768,"iceandfire:dragonsteel_lightning_helmet":1,"minecraft:rotten_flesh":3,"minecraft:soul_sand":1,"minecraft:deepslate_brick_slab":2215,"easy_villagers:converter":1,"cataclysm:infernal_forge":4,"minecraft:lava_bucket":1,"mobcapturingtool:mob_capturing_tool":20,"croptopia:cheese":12,"minecraft:netherite_hoe":3085,"iceandfire:ghost_chest":2,"easy_villagers:iron_farm":8,"croptopia:lime":1,"minecraft:cooked_cod":5,"minecraft:furnace":12,"minecraft:egg":1,"minecraft:damaged_anvil":2,"minecraft:diorite":1,"minecraft:leather_chestplate":1,"minecraft:wooden_pickaxe":14,"minecraft:jungle_boat":1,"minecraft:blast_furnace":1,"iceandfire:silver_pickaxe":446,"iceandfire:dragonsteel_lightning_hoe":3,"iceandfire:dragonsteel_lightning_shovel":492,"minecraft:lectern":1,"iceandfire:dragonforge_lightning_input":1,"iceandfire:dragon_bone_block":8,"minecraft:oak_boat":1,"iceandfire:dragonegg_silver":1,"ironchest:wood_to_iron_chest_upgrade":4,"minecraft:oak_trapdoor":113,"iceandfire:silver_sword":336,"minecraft:armor_stand":1,"alexscaves:abyssal_altar":2,"croptopia:ham_sandwich":50,"minecraft:cooked_salmon":39,"minecraft:netherrack":343,"minecraft:torch":60,"minecraft:brewing_stand":2,"minecraft:anvil":3,"minecraft:target":2,"minecraft:nether_brick_slab":3024,"minecraft:chipped_anvil":1,"iceandfire:dragonegg_amythest":2,"easy_villagers:trader":17,"minecraft:barrel":2,"minecraft:bamboo":2,"tombstone:gift":10,"minecraft:observer":28,"minecraft:cobbled_deepslate":166,"minecraft:acacia_planks":5,"sophisticatedbackpacks:gold_backpack":3,"minecraft:wheat_seeds":38,"minecraft:water_bucket":491,"ironchest:gold_to_diamond_chest_upgrade":2,"easy_villagers:farmer":2,"iceandfire:crackled_stone":5,"iceandfire:dragon_skull_lightning":3,"minecraft:comparator":6,"justhammers:diamond_hammer":2850,"minecraft:oak_slab":2,"minecraft:crafting_table":12,"minecraft:white_bed":3,"minecraft:cod":9,"iceandfire:armor_silver_metal_chestplate":1,"minecraft:diamond_pickaxe":1133,"minecraft:diamond_shovel":1618,"iceandfire:dragonbone_sword_fire":1688,"iceandfire:dragon_horn":8,"ironchest:diamond_to_obsidian_chest_upgrade":2,"minecraft:spruce_sapling":6,"minecraft:cobblestone":358,"iceandfire:crackled_cobblestone":1,"minecraft:potion":4,"minecraft:cooked_porkchop":2,"iceandfire:dragonsteel_lightning_sword":300,"iceandfire:tide_trident":1,"easy_villagers:breeder":1,"minecraft:oak_sign":26,"minecraft:diamond_hoe":1916,"croptopia:onion_seed":3,"minecraft:shield":71,"minecraft:nether_wart":1,"minecraft:soul_campfire":9,"croptopia:cabbage_seed":10,"minecraft:sculk_sensor":2,"minecraft:iron_chestplate":1,"minecraft:nether_bricks":406,"minecraft:carrot":710,"minecraft:obsidian":14,"minecraft:glass":704,"minecraft:lantern":217,"minecraft:iron_helmet":1,"minecraft:raw_gold_block":4,"iceandfire:armor_amythest_chestplate":2,"minecraft:stone_bricks":33,"minecraft:item_frame":2,"minecraft:repeater":78,"minecraft:skeleton_skull":1,"iceandfire:dragonegg_copper":1,"croptopia:sweetpotato_seed":6,"minecraft:dropper":3,"minecraft:wither_skeleton_skull":2,"croptopia:lettuce_seed":7,"minecraft:stone_pickaxe":43,"minecraft:oak_planks":5,"minecraft:sugar_cane":4,"minecraft:diamond_axe":377,"minecraft:white_wool":2,"alexscaves:cave_book":4,"iceandfire:dragonbone_sword_lightning":148,"justhammers:diamond_destructor_hammer":2545,"minecraft:shears":74,"minecraft:lever":2,"iceandfire:dragonbone_sword":101,"iceandfire:dragonforge_lightning_core_disabled":1,"minecraft:bread":211,"minecraft:cyan_bed":1,"minecraft:string":7,"tombstone:grave_key":5,"minecraft:deepslate":1,"ironchest:iron_to_gold_chest_upgrade":4,"minecraft:gravel":36,"minecraft:golden_helmet":1,"alexsmobs:cooked_moose_ribs":10,"iceandfire:pixie_house_mushroom_red":1,"iceandfire:dragon_skull_fire":1,"minecraft:air":1,"minecraft:bone_meal":216,"ironchest:crystal_chest":2,"iceandfire:armor_amythest_leggings":2,"minecraft:experience_bottle":2,"minecraft:rose_bush":5,"grimoireofgaia:doll_ender_girl":3,"minecraft:flint_and_steel":2,"minecraft:trident":161,"sophisticatedbackpacks:iron_backpack":1,"minecraft:redstone":18,"tacz:gun_smith_table":1,"cataclysm:coral_bardiche":1,"minecraft:cooked_chicken":3,"minecraft:dirt":1117,"ironchest:diamond_chest":1,"minecraft:hopper":29,"alexsmobs:cooked_kangaroo_meat":2,"minecraft:spruce_fence":1,"iceandfire:dragonsteel_lightning_axe":99,"minecraft:iron_hoe":253,"minecraft:wooden_axe":12,"minecraft:bookshelf":18,"iceandfire:dragonforge_lightning_brick":17,"croptopia:grape_seed":3,"minecraft:iron_boots":1,"iceandfire:armor_red_leggings":1,"alexscaves:spelunkery_table":2,"easy_villagers:incubator":1,"minecraft:cooked_beef":19,"minecraft:iron_leggings":2,"minecraft:cooked_mutton":4,"minecraft:lodestone":1,"minecraft:glass_bottle":7,"croptopia:banana_sapling":2,"minecraft:brown_mushroom":1,"croptopia:corn_seed":376,"minecraft:spruce_sign":16,"iceandfire:dragonsteel_lightning_leggings":3,"croptopia:sweetpotato":1,"alexscaves:smooth_bone":6,"tombstone:bag_of_seeds":1,"iceandfire:dragonegg_black":1,"minecraft:map":1,"minecraft:stone_slab":3,"croptopia:tomato_seed":6,"minecraft:stone_axe":26,"minecraft:bucket":514,"alexsmobs:animal_dictionary":2,"minecraft:gray_wool":66},"minecraft:mined":{"minecraft:dark_oak_planks":2,"croptopia:pepper_crop":1,"minecraft:white_bed":2,"iceandfire:copper_pile":75,"minecraft:jungle_leaves":1,"minecraft:obsidian":8,"minecraft:granite":19,"minecraft:acacia_log":3,"minecraft:jungle_log":2,"minecraft:coal_block":17,"minecraft:crimson_fungus":1,"minecraft:hopper":2,"minecraft:oak_wall_sign":2,"minecraft:nether_wart":20,"minecraft:spawner":1,"minecraft:weeping_vines_plant":3,"minecraft:tall_seagrass":4,"minecraft:magma_block":16,"minecraft:fire":127,"minecraft:cobbled_deepslate":6,"minecraft:deepslate_lapis_ore":30,"minecraft:sculk_shrieker":8,"minecraft:oak_sign":2,"iceandfire:gold_pile":82,"minecraft:dirt_path":133,"minecraft:oak_stairs":1,"minecraft:tripwire":10,"minecraft:brown_mushroom":2,"minecraft:crimson_nylium":30,"minecraft:soul_fire":1,"minecraft:amethyst_cluster":1,"minecraft:powder_snow":1,"minecraft:torch":2,"minecraft:blast_furnace":1,"minecraft:dead_bush":3,"minecraft:nether_brick_slab":315,"minecraft:glass":126,"minecraft:cyan_bed":1,"minecraft:sugar_cane":25,"minecraft:damaged_anvil":2,"minecraft:repeater":10,"iceandfire:crackled_stone":8,"croptopia:pineapple_crop":6,"minecraft:wheat":2,"minecraft:grass":397,"croptopia:cinnamon_leaves":1,"minecraft:deepslate":532,"croptopia:cabbage_crop":6,"minecraft:dark_prismarine":1,"iceandfire:silver_ore":20,"minecraft:mossy_cobblestone":1,"minecraft:nether_bricks":84,"alexscaves:abyssmarine":3,"minecraft:spruce_fence":1,"minecraft:jungle_planks":1,"minecraft:crimson_roots":4,"minecraft:redstone_wire":1,"minecraft:kelp":1,"minecraft:cartography_table":1,"alexscaves:mussel":1,"minecraft:redstone_ore":8,"croptopia:corn_crop":4,"minecraft:andesite":76,"minecraft:potatoes":12,"minecraft:bamboo":2,"minecraft:bone_block":23,"minecraft:white_wool":3,"minecraft:smithing_table":1,"minecraft:oak_slab":1,"minecraft:soul_sand":24,"minecraft:comparator":1,"croptopia:lettuce_crop":4,"minecraft:observer":8,"minecraft:dandelion":3,"minecraft:cornflower":1,"alexscaves:abyssmarine_pillar":1,"minecraft:copper_ore":116,"minecraft:tall_grass":17,"alexscaves:smooth_bone":3,"minecraft:deepslate_gold_ore":87,"minecraft:cracked_deepslate_bricks":1,"minecraft:diorite":44,"minecraft:spruce_log":105,"minecraft:birch_leaves":1,"iceandfire:silver_pile":3,"croptopia:radish_crop":1,"minecraft:gravel":477,"minecraft:dripstone_block":63,"minecraft:cobweb":13,"grimoireofgaia:doll_ender_girl":2,"minecraft:stone_bricks":24,"minecraft:gold_ore":4,"minecraft:chipped_anvil":1,"minecraft:fern":4,"minecraft:spruce_planks":1,"minecraft:stone_pressure_plate":1,"minecraft:farmland":2,"minecraft:sculk_vein":239,"sophisticatedbackpacks:gold_backpack":1,"minecraft:brewing_stand":1,"minecraft:cave_vines_plant":1,"minecraft:grass_block":795,"alexscaves:abyssal_altar":1,"iceandfire:lectern":1,"minecraft:soul_soil":7,"minecraft:composter":2,"iceandfire:crackled_cobblestone":4,"minecraft:raw_iron_block":2,"minecraft:glowstone":3,"minecraft:iron_ore":113,"croptopia:tea_crop":1,"minecraft:anvil":2,"minecraft:pointed_dripstone":3,"iceandfire:chared_cobblestone":11,"minecraft:deepslate_redstone_ore":124,"minecraft:orange_terracotta":1,"croptopia:cinnamon_log":10,"iceandfire:ghost_chest":5,"minecraft:mushroom_stem":4,"iceandfire:fire_lily":1,"minecraft:nether_quartz_ore":98,"minecraft:cobblestone":71,"minecraft:oak_planks":4,"minecraft:iron_door":1,"minecraft:wall_torch":1,"minecraft:deepslate_copper_ore":25,"minecraft:nether_wart_block":146,"minecraft:tnt":11,"croptopia:banana_sapling":1,"minecraft:oak_log":200,"minecraft:beetroots":2,"minecraft:sand":73,"minecraft:dirt":724,"minecraft:dispenser":2,"minecraft:ancient_debris":1,"minecraft:netherrack":323,"minecraft:oak_leaves":3,"iceandfire:chared_stone":10,"iceandfire:lightning_lily":2,"minecraft:nether_gold_ore":1,"minecraft:diamond_ore":1,"alexscaves:spelunkery_table":2,"minecraft:tuff":32,"minecraft:deepslate_diamond_ore":114,"minecraft:weeping_vines":2,"minecraft:brown_mushroom_block":45,"minecraft:crimson_stem":27,"minecraft:hay_block":50,"minecraft:deepslate_brick_slab":45,"minecraft:oak_trapdoor":46,"easy_villagers:iron_farm":3,"minecraft:furnace":8,"minecraft:carrots":33,"minecraft:raw_gold_block":4,"croptopia:blueberry_crop":5,"minecraft:bookshelf":18,"minecraft:shroomlight":9,"minecraft:deepslate_iron_ore":95,"minecraft:lantern":53,"minecraft:stone":961,"minecraft:podzol":6,"minecraft:acacia_leaves":3,"alexscaves:abyssmarine_tiles":1,"minecraft:crafting_table":9,"minecraft:blackstone_slab":1,"minecraft:rose_bush":3,"minecraft:sculk_sensor":46,"minecraft:lectern":1,"minecraft:stone_slab":1,"minecraft:lapis_ore":15,"minecraft:lily_pad":1,"minecraft:sculk":3332,"minecraft:gray_wool":77,"minecraft:ice":1,"iceandfire:pixie_house_mushroom_red":1,"minecraft:yellow_bed":1,"minecraft:coal_ore":26,"minecraft:gray_carpet":2},"minecraft:dropped":{"iceandfire:chared_stone":20,"minecraft:clay":3,"iceandfire:raw_silver":1,"minecraft:porkchop":2,"minecraft:cooked_beef":3,"minecraft:diamond":3,"croptopia:cheese":1,"minecraft:crossbow":1,"minecraft:cookie":216,"minecraft:cracked_stone_bricks":11,"minecraft:rail":5,"minecraft:light_weighted_pressure_plate":1,"minecraft:dirt":345,"croptopia:celery":1,"minecraft:red_bed":1,"minecraft:stone_button":32,"alexscaves:abyssmarine":6,"minecraft:chain":2,"minecraft:gold_nugget":454,"minecraft:bone_block":1,"minecraft:sand":7,"minecraft:iron_pickaxe":1,"minecraft:dark_oak_planks":2,"minecraft:fishing_rod":1,"minecraft:white_wool":15,"minecraft:blue_bed":3,"minecraft:bone":50,"minecraft:stone_axe":2,"minecraft:iron_nugget":45,"minecraft:cooked_chicken":2,"alexscaves:diving_leggings":1,"minecraft:cobbled_deepslate":2301,"minecraft:nether_brick":964,"minecraft:wheat":48,"minecraft:rotten_flesh":158,"minecraft:oak_planks":40,"minecraft:glowstone_dust":7,"alexscaves:abyssmarine_bricks":8,"alexsmobs:emu_egg":1,"alexsmobs:blood_sac":5,"iceandfire:ghost_chest":1,"croptopia:cantaloupe":1,"alexscaves:abyssmarine_pillar":10,"minecraft:leather_boots":1,"iceandfire:crackled_cobblestone":92,"minecraft:leather_leggings":1,"minecraft:beef":2,"cataclysm:infernal_forge":2,"grimoireofgaia:meat":1,"minecraft:stone_brick_stairs":4,"minecraft:egg":1,"minecraft:enchanted_book":5,"minecraft:iron_ingot":36,"minecraft:wheat_seeds":132,"minecraft:tnt":1,"minecraft:polished_blackstone":2,"minecraft:dripstone_block":2,"minecraft:netherite_helmet":1,"minecraft:iron_helmet":1,"minecraft:feather":15,"minecraft:cobblestone":2573,"artifacts:whoopee_cushion":1,"iceandfire:dragon_stick":1,"minecraft:granite":434,"alexscaves:smooth_bone":9,"minecraft:coal":150,"grimoireofgaia:rotten_heart":1,"minecraft:pufferfish":3,"minecraft:oxeye_daisy":1,"croptopia:celery_seed":2,"minecraft:gray_wool":12,"croptopia:grape_seed":3,"minecraft:ink_sac":3,"iceandfire:copper_nugget":209,"minecraft:wooden_axe":1,"minecraft:rose_bush":2,"minecraft:lapis_ore":1,"minecraft:oak_stairs":7,"minecraft:iron_shovel":1,"minecraft:paper":9,"minecraft:string":52,"minecraft:lily_pad":1,"minecraft:acacia_planks":7,"iceandfire:dragon_skull_fire":3,"minecraft:creeper_head":1,"minecraft:soul_soil":3,"minecraft:netherite_hoe":1,"minecraft:stone_sword":3,"iceandfire:dragonegg_silver":2,"minecraft:smooth_stone_slab":5,"minecraft:deepslate":2187,"minecraft:diamond_hoe":1,"croptopia:blackberry_seed":2,"croptopia:leek_seed":2,"minecraft:stone_shovel":13,"minecraft:iron_boots":3,"iceandfire:dragonscales_electric":11,"croptopia:corn_seed":6,"minecraft:stone_slab":6,"croptopia:radish_seed":1,"minecraft:nether_bricks":575,"minecraft:oak_sign":3,"minecraft:shears":1,"minecraft:pumpkin_seeds":7,"alexsmobs:cooked_kangaroo_meat":2,"grimoireofgaia:soulfire":3,"minecraft:potato":2,"minecraft:stone":4135,"minecraft:bundle":1,"iceandfire:silver_ingot":61,"artifacts:onion_ring":1,"easy_villagers:villager":2,"minecraft:spider_eye":6,"minecraft:stone_bricks":22,"minecraft:bamboo":7,"sophisticatedbackpacks:copper_backpack":1,"minecraft:bow":4,"iceandfire:crackled_stone":156,"minecraft:magma_block":16,"minecraft:dark_prismarine":6,"iceandfire:dragon_skull_lightning":2,"minecraft:spruce_sign":2,"minecraft:candle":1,"minecraft:soul_sand":21,"minecraft:diamond_axe":2,"grimoireofgaia:withered_brain":1,"minecraft:oak_log":5,"minecraft:ender_pearl":1,"cataclysm:lionfish":3,"iceandfire:fire_dragon_flesh":3,"minecraft:jungle_planks":4,"minecraft:polished_blackstone_brick_wall":2,"iceandfire:deathworm_yellow_chestplate":1,"iceandfire:graveyard_soil":1,"minecraft:flint":48,"croptopia:tomato_seed":1,"artifacts:night_vision_goggles":1,"minecraft:cracked_polished_blackstone_bricks":6,"iceandfire:dragonsteel_lightning_hoe":1,"minecraft:netherite_scrap":6,"minecraft:polished_blackstone_brick_stairs":11,"minecraft:cornflower":1,"minecraft:crimson_roots":1,"minecraft:cooked_cod":2,"croptopia:pepper":1,"croptopia:sweetpotato_seed":2,"alexscaves:cave_map":2,"minecraft:polished_blackstone_bricks":6,"croptopia:calamari":3,"croptopia:cantaloupe_seed":1,"croptopia:banana":1,"minecraft:gold_ingot":8,"minecraft:gravel":272,"iceandfire:stymphalian_bird_feather":8,"minecraft:chiseled_polished_blackstone":1,"croptopia:corn":4,"minecraft:blackstone":84,"artifacts:villager_hat":1,"alexscaves:rusty_scrap_metal_plate":5,"iceandfire:fire_lily":1,"minecraft:carrot":350,"minecraft:chiseled_stone_bricks":1,"minecraft:poppy":947,"minecraft:leather_chestplate":2,"minecraft:turtle_helmet":2,"minecraft:gunpowder":19,"croptopia:avocado":2,"minecraft:dropper":4,"minecraft:beetroot_seeds":12,"minecraft:stone_brick_wall":5,"grimoireofgaia:metal_dagger":1,"croptopia:ham_sandwich":1,"minecraft:arrow":57,"minecraft:cracked_nether_bricks":24,"artifacts:scarf_of_invisibility":1,"minecraft:quartz":326,"minecraft:netherrack":1082,"iceandfire:silver_pickaxe":1,"minecraft:stone_hoe":20,"minecraft:bread":16,"iceandfire:lightning_dragon_blood":1,"iceandfire:dragonscales_green":17,"minecraft:golden_axe":2,"minecraft:lead":2,"croptopia:blackberry":1,"grimoireofgaia:shiny_pearl":2,"minecraft:copper_ingot":184,"minecraft:stick":199,"iceandfire:dragon_flute":1,"tacz:ammo_box":1,"minecraft:diorite":680,"minecraft:torch":1,"iceandfire:silver_sword":1,"minecraft:nether_wart_block":3,"minecraft:brown_wool":3,"minecraft:iron_door":1,"minecraft:map":8,"iceandfire:armor_silver_metal_chestplate":1,"tombstone:grave_dust":15,"minecraft:iron_leggings":2,"tacz:modern_kinetic_gun":3,"minecraft:polished_blackstone_brick_slab":8,"minecraft:music_disc_cat":1,"minecraft:dandelion":13,"iceandfire:dragonbone":32,"minecraft:smooth_basalt":29,"minecraft:redstone":28,"minecraft:nether_brick_slab":2254,"minecraft:oak_trapdoor":1,"alexscaves:abyssmarine_tiles":18,"minecraft:blaze_rod":4,"minecraft:raw_copper":3,"minecraft:tuff":508,"iceandfire:witherbone":3,"minecraft:composter":1,"alexscaves:abyssmarine_brick_stairs":8,"iceandfire:dragonbone_sword_fire":1,"iceandfire:dragonsteel_lightning_chestplate":1,"minecraft:netherite_leggings":1,"minecraft:filled_map":4,"minecraft:shield":1,"iceandfire:chared_cobblestone":22,"minecraft:iron_chestplate":1,"minecraft:andesite":1389,"minecraft:purple_bed":2,"minecraft:golden_leggings":1,"minecraft:oak_sapling":2,"justhammers:diamond_destructor_hammer":2,"mobcapturingtool:mob_capturing_tool":1,"minecraft:spruce_log":2,"iceandfire:fire_dragon_heart":1,"minecraft:stone_pickaxe":2,"minecraft:wooden_pickaxe":1,"croptopia:pepper_seed":3}},"DataVersion":3465}