{"stats":{"minecraft:custom":{"minecraft:interact_with_crafting_table":121,"minecraft:open_barrel":92,"minecraft:eat_cake_slice":5,"minecraft:leave_game":108,"minecraft:time_since_death":95884,"minecraft:play_time":1110684,"minecraft:deaths":63,"minecraft:jump":12162,"minecraft:interact_with_furnace":123,"minecraft:traded_with_villager":278,"minecraft:sleep_in_bed":19,"minecraft:damage_dealt":45904,"tombstone:undead_killed":152,"minecraft:interact_with_smoker":1,"minecraft:inspect_dispenser":5,"minecraft:horse_one_cm":8477,"minecraft:inspect_hopper":2,"minecraft:sneak_time":68874,"minecraft:interact_with_blast_furnace":32,"minecraft:total_world_time":1110684,"tombstone:raider_killed":2,"minecraft:time_since_rest":50583,"tombstone:cast_on_ally":1,"minecraft:swim_one_cm":92825,"minecraft:fly_one_cm":2257179,"minecraft:open_chest":907,"minecraft:fall_one_cm":789858,"minecraft:sprint_one_cm":1782747,"minecraft:drop":279,"minecraft:talked_to_villager":11,"minecraft:walk_on_water_one_cm":120287,"minecraft:interact_with_loom":20,"minecraft:player_kills":1,"minecraft:crouch_one_cm":249161,"minecraft:mob_kills":466,"tombstone:use_vanishing":6,"minecraft:damage_dealt_resisted":3101,"minecraft:climb_one_cm":30637,"minecraft:walk_one_cm":2001904,"minecraft:walk_under_water_one_cm":53798,"minecraft:damage_taken":33279,"minecraft:damage_absorbed":11,"minecraft:trigger_trapped_chest":3},"minecraft:crafted":{"justhammers:netherite_hammer":1,"iceandfire:dragonbone_axe":1,"sophisticatedbackpacks:anvil_upgrade":1,"easy_villagers:incubator":5,"sophisticatedbackpacks:crafting_upgrade":1,"justhammers:reinforced_core":1,"minecraft:cooked_mutton":3,"minecraft:glass":188,"easy_villagers:trader":24,"tombstone:book_of_magic_impregnation":1,"tacz:target":1,"minecraft:emerald":262,"sophisticatedbackpacks:advanced_feeding_upgrade":1,"minecraft:smithing_table":9,"minecraft:copper_ingot":353,"iceandfire:dragonbone_sword_ice":1,"minecraft:iron_pickaxe":1,"minecraft:iron_block":7,"minecraft:gold_ingot":135,"minecraft:netherite_ingot":4,"iceandfire:silver_sword":1,"easy_villagers:iron_farm":30,"iceandfire:armor_silver_chestplate":1,"minecraft:stone_pickaxe":1,"minecraft:redstone_block":20,"iceandfire:dragonbone_sword":1,"easy_villagers:farmer":2,"justhammers:diamond_destructor_hammer":1,"tacz:gun_smith_table":2,"sophisticatedbackpacks:gold_backpack":2,"minecraft:enchanted_book":1,"minecraft:wooden_axe":1,"minecraft:iron_leggings":1,"minecraft:white_bed":1,"minecraft:oak_planks":556,"iceandfire:armor_silver_boots":1,"minecraft:stone":31,"minecraft:hopper":36,"minecraft:iron_boots":1,"minecraft:chest":56,"iceandfire:manuscript":24,"iceandfire:armor_silver_leggings":1,"minecraft:crafting_table":10,"justhammers:reinforced_impact_core":1,"minecraft:iron_helmet":1,"minecraft:wooden_pickaxe":1,"tacz:ammo_box":2,"minecraft:birch_planks":32,"sophisticatedbackpacks:upgrade_base":4,"minecraft:iron_chestplate":1,"minecraft:paper":18,"minecraft:diamond_pickaxe":1,"sophisticatedbackpacks:diamond_backpack":1,"minecraft:stick":25,"minecraft:iron_ingot":91,"mobcapturingtool:mob_capturing_tool":4,"artifacts:eternal_steak":1,"minecraft:coal":189,"minecraft:furnace":4,"minecraft:diamond_block":6,"minecraft:glass_pane":336,"minecraft:flint_and_steel":1,"justhammers:destructor_core":1,"minecraft:iron_axe":1,"minecraft:netherite_scrap":16,"croptopia:tea":2,"sophisticatedbackpacks:iron_backpack":2,"minecraft:cooked_beef":22,"minecraft:diamond_sword":1,"iceandfire:silver_ingot":3,"minecraft:bucket":21,"minecraft:air":0,"iceandfire:dragonbone_pickaxe":1,"minecraft:bread":69,"easy_villagers:breeder":4,"minecraft:anvil":2,"justhammers:impact_core":1,"iceandfire:armor_silver_helmet":1,"minecraft:diamond_chestplate":1},"minecraft:picked_up":{"croptopia:grape_seed":1,"croptopia:tomatillo_seed":2,"artifacts:bunny_hoppers":1,"croptopia:cabbage_seed":8,"minecraft:brewing_stand":1,"minecraft:polished_blackstone_brick_stairs":20,"minecraft:string":144,"minecraft:soul_soil":2,"minecraft:beetroot":3,"minecraft:diamond_leggings":1,"minecraft:gold_nugget":32,"minecraft:cobbled_deepslate":1344,"minecraft:spruce_planks":1,"tacz:target":1,"minecraft:coal_block":27,"croptopia:mustard_seed":6,"croptopia:blueberry":2,"minecraft:melon_slice":5,"grimoireofgaia:taproot":1,"minecraft:polished_blackstone_brick_slab":17,"artifacts:universal_attractor":1,"croptopia:cucumber":7,"croptopia:barley_seed":2,"minecraft:composter":2,"croptopia:blackbean":2,"iceandfire:lightning_dragon_flesh":11,"minecraft:golden_axe":1,"minecraft:cherry_log":2,"croptopia:fig":1,"minecraft:brown_carpet":1,"easy_villagers:villager":2,"grimoireofgaia:stone_coal":4,"croptopia:persimmon":10,"croptopia:raspberry_seed":2,"iceandfire:fire_dragon_heart":2,"croptopia:elderberry":3,"minecraft:blaze_rod":42,"minecraft:iron_bars":38,"minecraft:birch_log":13,"croptopia:lettuce_seed":3,"minecraft:magma_block":8,"minecraft:feather":4,"minecraft:brown_wool":1,"minecraft:flint":3,"croptopia:celery":1,"minecraft:lantern":10,"croptopia:bellpepper":6,"tacz:gun_smith_table":16,"croptopia:lime":3,"grimoireofgaia:box_overworld":1,"croptopia:plum":3,"croptopia:celery_seed":1,"iceandfire:dragon_skull_fire":2,"croptopia:oat":5,"iceandfire:lightning_dragon_heart":1,"minecraft:barrel":8,"croptopia:spinach_seed":4,"iceandfire:chared_cobblestone":5,"croptopia:chile_pepper":4,"minecraft:bundle":2,"croptopia:cherry":4,"minecraft:dispenser":1,"minecraft:deepslate":10,"iceandfire:lectern":1,"minecraft:lever":1,"croptopia:radish_seed":3,"minecraft:granite":47,"minecraft:bread":2,"minecraft:crimson_roots":1,"croptopia:greenonion":2,"iceandfire:raw_silver":3,"iceandfire:dragon_skull_lightning":1,"sophisticatedbackpacks:gold_backpack":1,"minecraft:crafting_table":5,"iceandfire:witherbone":5,"minecraft:nether_wart":4,"minecraft:clay_ball":12,"croptopia:onion":2,"minecraft:cornflower":2,"iceandfire:dragonegg_silver":1,"alexsmobs:pigshoes":1,"artifacts:power_glove":1,"tacz:ammo":2505,"minecraft:white_carpet":7,"croptopia:soybean":5,"iceandfire:graveyard_soil":2,"iceandfire:bestiary":1,"croptopia:avocado":8,"minecraft:beef":61,"croptopia:pepper_seed":7,"croptopia:coconut":4,"minecraft:iron_nugget":36,"minecraft:poppy":7,"minecraft:chest":5,"minecraft:piston":1,"croptopia:corn_seed":6,"croptopia:blackbean_seed":4,"minecraft:fire_charge":4,"minecraft:carrot":80,"minecraft:redstone":608,"croptopia:banana":3,"iceandfire:dragon_skull_ice":3,"minecraft:tnt":5,"artifacts:everlasting_beef":1,"croptopia:strawberry_seed":2,"minecraft:beetroot_seeds":14,"iceandfire:dragonscales_silver":156,"minecraft:hay_block":22,"croptopia:rhubarb":1,"minecraft:gold_ingot":72,"croptopia:pepper":6,"minecraft:polished_blackstone":4,"minecraft:mutton":19,"minecraft:white_wool":8,"minecraft:rail":1,"minecraft:oxeye_daisy":2,"minecraft:tripwire_hook":2,"minecraft:blackstone_slab":2,"croptopia:glowing_calamari":6,"minecraft:oak_log":141,"minecraft:ancient_debris":10,"minecraft:paper":7,"minecraft:apple":30,"croptopia:barley":3,"minecraft:stone_bricks":10,"iceandfire:pixie_jar_empty":1,"tombstone:bag_of_seeds":1,"croptopia:tomato":2,"croptopia:elderberry_seed":5,"minecraft:iron_sword":1,"iceandfire:chared_stone":2,"minecraft:polished_andesite_stairs":7,"iceandfire:copper_nugget":300,"minecraft:daylight_detector":1,"minecraft:red_wool":1,"minecraft:gravel":99,"croptopia:tea_seed":5,"minecraft:crying_obsidian":14,"tacz:modern_kinetic_gun":4,"croptopia:orange":9,"croptopia:grapefruit":3,"minecraft:polished_blackstone_brick_wall":6,"iceandfire:ice_dragon_flesh":15,"minecraft:oak_button":2,"minecraft:hopper":1,"minecraft:ender_pearl":19,"minecraft:wheat":45,"minecraft:nether_brick_fence":1,"croptopia:kale":4,"croptopia:broccoli":5,"alexscaves:cave_tablet":6,"minecraft:potion":3,"minecraft:gilded_blackstone":38,"minecraft:nether_brick":25,"croptopia:cantaloupe":3,"croptopia:lettuce":3,"minecraft:raw_copper":307,"minecraft:bucket":9,"artifacts:aqua_dashers":1,"minecraft:rose_bush":19,"minecraft:iron_pickaxe":1,"croptopia:cinnamon_sapling":2,"minecraft:furnace":10,"minecraft:stick":18,"minecraft:oak_fence":4,"minecraft:torch":5,"croptopia:blackberry_seed":7,"iceandfire:dragonscales_white":18,"minecraft:spruce_stairs":3,"tacz:attachment":10,"tombstone:grave_dust":22,"minecraft:diorite":134,"minecraft:rotten_flesh":87,"minecraft:obsidian":3,"minecraft:cobblestone":752,"croptopia:cabbage":5,"croptopia:cauliflower":2,"minecraft:pink_petals":6,"croptopia:radish":1,"croptopia:broccoli_seed":6,"croptopia:nectarine":2,"minecraft:andesite":51,"minecraft:potato":39,"croptopia:mango":1,"croptopia:spinach":2,"minecraft:tuff":123,"artifacts:flame_pendant":1,"minecraft:wither_skeleton_skull":1,"minecraft:lapis_lazuli":90,"artifacts:pickaxe_heater":1,"croptopia:blueberry_seed":6,"minecraft:dirt":171,"minecraft:name_tag":1,"minecraft:bone":19,"croptopia:corn":6,"croptopia:sweetpotato":3,"minecraft:wheat_seeds":333,"easy_villagers:trader":5,"minecraft:raw_gold":23,"minecraft:bamboo":24,"croptopia:kale_seed":8,"minecraft:oak_planks":5,"croptopia:chile_pepper_seed":7,"croptopia:dragonfruit":2,"minecraft:cooked_porkchop":1,"iceandfire:podium_spruce":1,"artifacts:rooted_boots":1,"croptopia:mustard":4,"croptopia:blackberry":2,"minecraft:sand":270,"minecraft:spectral_arrow":24,"minecraft:mossy_cobblestone":23,"minecraft:jungle_leaves":2,"minecraft:sugar":2,"minecraft:diamond":102,"iceandfire:fire_dragon_blood":1,"grimoireofgaia:withered_brain":1,"minecraft:cracked_polished_blackstone_bricks":8,"minecraft:bone_meal":1,"croptopia:onion_seed":4,"minecraft:golden_apple":2,"sophisticatedbackpacks:feeding_upgrade":1,"minecraft:emerald":2,"minecraft:oak_sapling":12,"minecraft:netherrack":783,"iceandfire:silver_nugget":76,"minecraft:azure_bluet":1,"minecraft:splash_potion":2,"croptopia:peach":9,"croptopia:sweetpotato_seed":6,"minecraft:stone_brick_wall":19,"minecraft:gold_block":66,"minecraft:diamond_horse_armor":2,"iceandfire:frozen_stone":1,"minecraft:item_frame":1,"croptopia:bellpepper_seed":9,"artifacts:fire_gauntlet":1,"minecraft:blackstone":155,"croptopia:pear":5,"croptopia:tomatillo":1,"croptopia:tomato_seed":4,"minecraft:light_gray_wool":1,"minecraft:lectern":2,"minecraft:sugar_cane":20,"iceandfire:ice_dragon_heart":3,"iceandfire:dragonscales_gray":21,"minecraft:raw_iron":155,"iceandfire:dragonbone":92,"iceandfire:dragonscales_green":17,"croptopia:soybean_seed":5,"croptopia:greenbean_seed":4,"minecraft:copper_ingot":1200,"croptopia:rhubarb_seed":4,"minecraft:polished_blackstone_bricks":39,"minecraft:stone_button":1,"croptopia:strawberry":1,"croptopia:grape":1,"croptopia:cantaloupe_seed":6,"minecraft:arrow":23,"artifacts:cowboy_hat":1,"minecraft:nether_bricks":9,"alexscaves:spelunkery_table":4,"artifacts:running_shoes":1,"minecraft:skeleton_skull":1,"minecraft:basalt":52,"artifacts:digging_claws":1,"minecraft:glow_ink_sac":10,"minecraft:leather":42,"croptopia:greenonion_seed":6,"artifacts:anglers_hat":1,"croptopia:tea_leaves":4,"artifacts:onion_ring":1,"minecraft:crimson_fungus":32,"minecraft:chainmail_chestplate":1,"minecraft:yellow_bed":1,"minecraft:gunpowder":45,"minecraft:cobblestone_stairs":2,"cataclysm:infernal_forge":1,"minecraft:iron_ingot":111,"croptopia:raspberry":2,"iceandfire:fire_dragon_flesh":6,"minecraft:soul_sand":37,"minecraft:book":153,"minecraft:oak_slab":2,"croptopia:cauliflower_seed":3,"croptopia:apricot":2,"minecraft:pumpkin":1,"croptopia:starfruit":5,"minecraft:quartz":46,"minecraft:dandelion":10,"croptopia:cucumber_seed":12,"minecraft:blast_furnace":6,"minecraft:white_bed":4,"minecraft:spider_eye":4,"croptopia:lemon":4,"croptopia:oat_seed":8,"croptopia:greenbean":3,"minecraft:cherry_sapling":1,"minecraft:terracotta":1,"tombstone:magic_scroll":3,"minecraft:netherite_hoe":1,"minecraft:coal":527},"minecraft:killed_by":{"grimoireofgaia:arachne":3,"grimoireofgaia:cobble_golem":1,"grimoireofgaia:minotaurus":2,"minecraft:zombie":7,"grimoireofgaia:ender_eye":1,"grimoireofgaia:mimic":2,"cataclysm:netherite_monstrosity":2,"grimoireofgaia:creep":3,"minecraft:creeper":4,"alexsmobs:murmur_head":1,"grimoireofgaia:cecaelia":1,"grimoireofgaia:bone_knight":1,"minecraft:cave_spider":1,"iceandfire:ice_dragon":11,"grimoireofgaia:harpy":1,"artifacts:mimic":1,"minecraft:witch":1,"iceandfire:fire_dragon":4,"alexsmobs:bone_serpent":3,"minecraft:player":5,"minecraft:spider":1,"minecraft:skeleton":3,"iceandfire:lightning_dragon":1},"minecraft:broken":{"minecraft:diamond_helmet":1,"minecraft:iron_boots":1,"minecraft:iron_sword":1,"minecraft:diamond_leggings":1,"minecraft:iron_pickaxe":3,"minecraft:iron_helmet":2,"minecraft:diamond_boots":1,"minecraft:wooden_axe":1,"minecraft:diamond_chestplate":2},"minecraft:killed":{"minecraft:cave_spider":9,"alexsmobs:murmur":1,"minecraft:skeleton":37,"grimoireofgaia:mimic":10,"minecraft:chicken":1,"alexsmobs:centipede_head":1,"grimoireofgaia:flesh_lich":4,"minecraft:magma_cube":1,"minecraft:zombie":89,"grimoireofgaia:deathword":2,"minecraft:glow_squid":1,"iceandfire:lightning_dragon":1,"minecraft:cow":31,"minecraft:vindicator":1,"grimoireofgaia:creep":17,"grimoireofgaia:cyan_flower":1,"iceandfire:ice_dragon":4,"minecraft:enderman":3,"minecraft:witch":1,"minecraft:zombified_piglin":7,"minecraft:spider":24,"grimoireofgaia:minotaurus":1,"minecraft:piglin_brute":11,"grimoireofgaia:mandragora":1,"artifacts:mimic":12,"minecraft:piglin":11,"minecraft:pig":1,"minecraft:zombie_villager":1,"grimoireofgaia:bone_knight":6,"alexsmobs:stradpole":1,"minecraft:creeper":26,"alexsmobs:crimson_mosquito":1,"minecraft:sheep":10,"grimoireofgaia:harpy":2,"iceandfire:pixie":2,"grimoireofgaia:dryad":1,"minecraft:blaze":96,"grimoireofgaia:ender_eye":1,"iceandfire:fire_dragon":2,"alexsmobs:bison":1,"minecraft:drowned":1,"minecraft:hoglin":5,"alexsmobs:cockroach":1,"grimoireofgaia:arachne":3,"grimoireofgaia:wither_cow":1,"minecraft:wither_skeleton":5},"minecraft:used":{"iceandfire:lectern":1,"minecraft:nether_brick_fence":1,"minecraft:polished_blackstone":2,"iceandfire:dragon_skull_ice":3,"minecraft:poppy":1,"minecraft:chest":22,"minecraft:rotten_flesh":1,"minecraft:soul_sand":5,"iceandfire:dragonbone_axe":55,"cataclysm:infernal_forge":1469,"easy_villagers:iron_farm":30,"iceandfire:chared_stone":2,"minecraft:furnace":13,"minecraft:potato":1,"minecraft:diorite":5,"minecraft:blackstone":68,"minecraft:wooden_pickaxe":11,"artifacts:eternal_steak":93,"tombstone:tablet_of_guard":2,"minecraft:glow_berries":10,"minecraft:golden_apple":3,"minecraft:sand":2,"tombstone:dust_of_vanishing":1,"minecraft:blast_furnace":3,"croptopia:orange":3,"iceandfire:lightning_dragon_flesh":3,"minecraft:crying_obsidian":14,"minecraft:diamond_sword":261,"minecraft:birch_log":2,"minecraft:polished_blackstone_brick_slab":3,"minecraft:iron_bars":7,"iceandfire:silver_sword":120,"croptopia:starfruit":1,"minecraft:netherrack":710,"minecraft:torch":4,"minecraft:wheat":2,"croptopia:raspberry":1,"minecraft:iron_axe":210,"easy_villagers:trader":29,"minecraft:basalt":52,"minecraft:raw_copper_block":4,"minecraft:beef":3,"tombstone:gift":9,"minecraft:cobbled_deepslate":646,"easy_villagers:farmer":2,"iceandfire:dragon_skull_lightning":1,"minecraft:polished_blackstone_bricks":15,"minecraft:gilded_blackstone":3,"minecraft:rail":1,"minecraft:tnt":2,"minecraft:crafting_table":12,"minecraft:white_bed":1,"minecraft:cod":8,"minecraft:diamond_pickaxe":1825,"minecraft:diamond_shovel":277,"tombstone:tablet_of_assistance":1,"minecraft:iron_pickaxe":998,"minecraft:cobblestone":112,"minecraft:potion":3,"minecraft:cooked_porkchop":1,"minecraft:diamond_leggings":1,"easy_villagers:breeder":4,"minecraft:iron_sword":188,"minecraft:nether_bricks":6,"iceandfire:frozen_stone":1,"minecraft:tuff":5,"minecraft:obsidian":10,"minecraft:iron_helmet":1,"minecraft:magma_block":2,"minecraft:stone_pickaxe":64,"minecraft:oak_planks":4,"minecraft:ender_pearl":6,"iceandfire:podium_spruce":1,"alexscaves:cave_book":5,"justhammers:diamond_destructor_hammer":4,"tacz:target":2,"easy_villagers:villager":2,"minecraft:bread":26,"grimoireofgaia:taproot":1,"minecraft:gravel":10,"croptopia:avocado":2,"iceandfire:dragon_skull_fire":2,"croptopia:blackberry":1,"minecraft:andesite":16,"croptopia:cantaloupe":1,"minecraft:experience_bottle":1,"minecraft:oak_fence":1,"minecraft:jungle_leaves":1,"minecraft:flint_and_steel":1,"tacz:gun_smith_table":18,"minecraft:dirt":83,"croptopia:blueberry":1,"minecraft:hopper":35,"tombstone:scroll_of_aquatic_life":1,"minecraft:diamond_helmet":5,"artifacts:onion_ring":1,"minecraft:granite":5,"croptopia:tea":2,"minecraft:wooden_axe":49,"minecraft:polished_blackstone_brick_stairs":9,"croptopia:persimmon":8,"alexscaves:spelunkery_table":3,"minecraft:soul_soil":2,"easy_villagers:incubator":5,"minecraft:cooked_beef":19,"iceandfire:dragonbone_pickaxe":642,"minecraft:cooked_mutton":3,"minecraft:glass_bottle":3,"tombstone:tablet_of_home":1,"tombstone:bag_of_seeds":4,"minecraft:apple":22,"minecraft:cracked_polished_blackstone_bricks":2,"minecraft:bucket":38,"minecraft:yellow_bed":1,"minecraft:splash_potion":2},"minecraft:dropped":{"minecraft:glow_berries":5,"minecraft:item_frame":1,"sophisticatedbackpacks:gold_backpack":1,"minecraft:dirt":32,"minecraft:gold_nugget":17,"minecraft:iron_pickaxe":1,"minecraft:bone":5,"minecraft:sugar_cane":1,"minecraft:iron_nugget":19,"alexsmobs:animal_dictionary":1,"minecraft:cobbled_deepslate":170,"alexscaves:cave_tablet":1,"minecraft:wheat":4,"minecraft:rotten_flesh":68,"croptopia:tea":1,"minecraft:oak_planks":1,"minecraft:azure_bluet":1,"minecraft:echo_shard":2,"minecraft:hopper":2,"croptopia:onion_seed":2,"tacz:attachment":1,"minecraft:enchanted_book":1,"minecraft:wheat_seeds":322,"croptopia:cinnamon_sapling":2,"minecraft:polished_blackstone":1,"minecraft:oak_fence":2,"minecraft:iron_helmet":1,"minecraft:cobblestone":150,"minecraft:granite":42,"minecraft:disc_fragment_5":3,"minecraft:oxeye_daisy":2,"iceandfire:copper_nugget":5,"minecraft:rose_bush":12,"artifacts:plastic_drinking_hat":1,"minecraft:diamond_helmet":1,"minecraft:potion":1,"minecraft:paper":5,"minecraft:string":3,"artifacts:bunny_hoppers":1,"artifacts:digging_claws":1,"iceandfire:silver_nugget":110,"iceandfire:dragonscales_gray":21,"minecraft:deepslate":10,"croptopia:blackberry_seed":2,"minecraft:chicken":1,"minecraft:white_carpet":7,"minecraft:clay_ball":12,"croptopia:radish_seed":1,"minecraft:nether_bricks":3,"minecraft:potato":1,"minecraft:spruce_planks":1,"minecraft:diamond_pickaxe":1,"iceandfire:silver_ingot":1,"easy_villagers:villager":2,"minecraft:spider_eye":3,"minecraft:stone_bricks":10,"minecraft:brown_carpet":1,"croptopia:tomatillo_seed":2,"minecraft:magma_block":6,"minecraft:terracotta":1,"minecraft:daylight_detector":1,"grimoireofgaia:withered_brain":1,"minecraft:lantern":9,"minecraft:red_wool":1,"minecraft:polished_blackstone_brick_wall":2,"iceandfire:graveyard_soil":2,"croptopia:tomato_seed":1,"minecraft:dispenser":1,"minecraft:polished_blackstone_brick_stairs":10,"minecraft:cornflower":2,"minecraft:crimson_roots":1,"croptopia:cantaloupe_seed":2,"minecraft:gold_ingot":66,"minecraft:gravel":66,"croptopia:corn":1,"minecraft:crimson_fungus":32,"minecraft:blackstone":30,"croptopia:blueberry_seed":2,"minecraft:chainmail_chestplate":1,"minecraft:poppy":1027,"croptopia:greenonion_seed":3,"minecraft:gunpowder":4,"minecraft:beetroot_seeds":14,"minecraft:stone_brick_wall":19,"minecraft:iron_bars":5,"minecraft:arrow":11,"minecraft:quartz":1,"minecraft:netherrack":3,"minecraft:oak_slab":2,"croptopia:lettuce_seed":1,"minecraft:mossy_cobblestone":14,"iceandfire:dragonscales_green":17,"minecraft:diamond_leggings":2,"minecraft:poisonous_potato":7,"minecraft:golden_axe":1,"minecraft:spruce_stairs":3,"minecraft:stick":2,"minecraft:diorite":129,"iceandfire:silver_sword":1,"croptopia:lettuce":1,"minecraft:jungle_leaves":1,"tacz:modern_kinetic_gun":1,"minecraft:polished_andesite_stairs":7,"minecraft:polished_blackstone_brick_slab":4,"minecraft:iron_axe":1,"minecraft:pink_petals":6,"minecraft:tripwire_hook":2,"minecraft:bucket":9,"minecraft:dandelion":5,"minecraft:tuff":93,"minecraft:raw_iron":6,"minecraft:light_gray_wool":4,"croptopia:rhubarb_seed":2,"minecraft:filled_map":1,"minecraft:oak_button":2,"iceandfire:chared_cobblestone":5,"minecraft:iron_chestplate":2,"minecraft:andesite":36,"minecraft:oak_sapling":11,"artifacts:cross_necklace":1,"iceandfire:fire_dragon_heart":1,"minecraft:wooden_pickaxe":1},"minecraft:mined":{"croptopia:pepper_crop":6,"minecraft:white_bed":4,"iceandfire:copper_pile":6,"croptopia:grape_crop":1,"croptopia:mustard_crop":5,"minecraft:jungle_leaves":4,"minecraft:granite":46,"croptopia:lime_crop":2,"minecraft:stone_brick_wall":11,"minecraft:coal_block":28,"minecraft:hopper":1,"tacz:gun_smith_table":16,"minecraft:nether_wart":4,"minecraft:oxeye_daisy":2,"minecraft:spawner":43,"minecraft:polished_blackstone_bricks":44,"minecraft:magma_block":9,"minecraft:cobbled_deepslate":24,"minecraft:fire":11,"minecraft:barrel":8,"minecraft:pumpkin":1,"minecraft:deepslate_lapis_ore":4,"minecraft:sculk_shrieker":5,"croptopia:apple_crop":32,"iceandfire:gold_pile":3,"minecraft:oak_stairs":2,"croptopia:starfruit_crop":5,"minecraft:soul_fire":4,"croptopia:oat_crop":5,"minecraft:blast_furnace":6,"minecraft:melon":1,"minecraft:polished_andesite_stairs":7,"croptopia:raspberry_crop":3,"croptopia:broccoli_crop":5,"minecraft:sugar_cane":9,"croptopia:cauliflower_crop":2,"minecraft:wheat":109,"croptopia:tomatillo_crop":1,"croptopia:pear_crop":6,"minecraft:grass":118,"croptopia:cinnamon_leaves":14,"minecraft:piston":1,"minecraft:deepslate":1239,"croptopia:cabbage_crop":7,"croptopia:orange_crop":9,"iceandfire:silver_ore":4,"minecraft:mossy_cobblestone":17,"croptopia:persimmon_crop":10,"minecraft:nether_bricks":6,"minecraft:crimson_roots":1,"croptopia:mango_crop":1,"minecraft:cartography_table":1,"minecraft:redstone_ore":4,"croptopia:corn_crop":6,"minecraft:andesite":40,"croptopia:peach_crop":4,"minecraft:potatoes":10,"croptopia:rhubarb_crop":1,"croptopia:elderberry_crop":2,"minecraft:bamboo":2,"iceandfire:podium_spruce":1,"croptopia:coconut_crop":4,"minecraft:smithing_table":1,"minecraft:oak_slab":2,"minecraft:soul_sand":3,"minecraft:brown_carpet":1,"croptopia:lettuce_crop":3,"minecraft:polished_blackstone_brick_wall":4,"minecraft:dandelion":10,"croptopia:sweetpotato_crop":3,"minecraft:cornflower":2,"croptopia:lemon_crop":4,"minecraft:tall_grass":50,"minecraft:copper_ore":297,"croptopia:blackbean_crop":2,"minecraft:deepslate_gold_ore":60,"minecraft:diorite":93,"croptopia:spinach_crop":2,"minecraft:coarse_dirt":2,"minecraft:birch_leaves":3,"iceandfire:silver_pile":5,"croptopia:celery_crop":1,"croptopia:grapefruit_crop":3,"minecraft:gravel":68,"minecraft:cobweb":113,"minecraft:polished_blackstone":8,"minecraft:stone_bricks":3,"minecraft:gold_ore":7,"minecraft:fern":5,"croptopia:bellpepper_crop":5,"croptopia:cantaloupe_crop":1,"minecraft:spruce_planks":1,"iceandfire:graveyard_soil":11,"croptopia:greenbean_crop":3,"croptopia:strawberry_crop":1,"minecraft:cobblestone_stairs":2,"minecraft:sculk_vein":7,"minecraft:brewing_stand":1,"minecraft:grass_block":72,"minecraft:cracked_polished_blackstone_bricks":12,"iceandfire:lectern":1,"minecraft:soul_soil":2,"minecraft:polished_blackstone_brick_slab":22,"minecraft:composter":2,"minecraft:gilded_blackstone":49,"croptopia:cherry_crop":4,"minecraft:iron_ore":130,"croptopia:tea_crop":4,"minecraft:azure_bluet":1,"minecraft:iron_bars":46,"iceandfire:chared_cobblestone":10,"minecraft:deepslate_redstone_ore":100,"minecraft:blackstone":155,"minecraft:clay":3,"iceandfire:dragon_ice_spikes":1,"minecraft:poppy":3,"minecraft:chest":4,"minecraft:nether_quartz_ore":2,"minecraft:cobblestone":23,"tacz:target":1,"minecraft:oak_planks":8,"minecraft:wall_torch":2,"minecraft:deepslate_copper_ore":29,"croptopia:nectarine_crop":2,"minecraft:birch_log":12,"croptopia:avocado_crop":8,"minecraft:tnt":7,"croptopia:chile_pepper_crop":4,"croptopia:apricot_crop":2,"minecraft:oak_log":147,"minecraft:beetroots":3,"minecraft:sand":279,"minecraft:dirt":71,"minecraft:raw_copper_block":1,"minecraft:dispenser":1,"minecraft:netherrack":863,"minecraft:ancient_debris":9,"minecraft:oak_leaves":134,"minecraft:daylight_detector":1,"iceandfire:chared_stone":8,"minecraft:nether_gold_ore":2,"alexscaves:spelunkery_table":4,"croptopia:cucumber_crop":9,"minecraft:diamond_ore":3,"minecraft:tuff":126,"minecraft:deepslate_diamond_ore":66,"croptopia:kale_crop":4,"croptopia:onion_crop":2,"iceandfire:frozen_stone":1,"minecraft:sandstone":1,"minecraft:hay_block":22,"croptopia:barley_crop":3,"minecraft:furnace":10,"minecraft:carrots":22,"croptopia:fig_crop":1,"croptopia:soybean_crop":6,"croptopia:blueberry_crop":2,"minecraft:gold_block":65,"minecraft:nether_brick_fence":3,"minecraft:bookshelf":53,"minecraft:deepslate_iron_ore":85,"easy_villagers:trader":5,"minecraft:stripped_oak_log":2,"croptopia:greenonion_crop":2,"minecraft:stone":495,"iceandfire:pixie_jar_empty":1,"minecraft:podzol":1,"minecraft:basalt":69,"minecraft:oak_fence":3,"minecraft:crafting_table":5,"minecraft:blackstone_slab":1,"minecraft:rose_bush":21,"minecraft:lectern":2,"minecraft:lapis_ore":8,"croptopia:banana_crop":3,"minecraft:polished_blackstone_brick_stairs":23,"minecraft:sculk":21,"minecraft:spruce_stairs":3,"croptopia:plum_crop":3,"minecraft:polished_blackstone_stairs":2,"croptopia:dragonfruit_crop":1,"minecraft:yellow_bed":1,"croptopia:tomato_crop":1,"minecraft:coal_ore":159,"minecraft:cherry_leaves":21,"minecraft:cracked_stone_bricks":1,"minecraft:terracotta":1}},"DataVersion":3465}